,Date,Post patch?,PCR cycles,Cre_line
4717,2017-04-19,Outside-Out,21.0,Sst-IRES-Cre
4718,2017-04-19,Outside-Out,21.0,Sst-IRES-Cre
4719,2017-04-19,No-Seal,21.0,Sst-IRES-Cre
4720,2017-04-19,Nucleated,21.0,Sst-IRES-Cre
4721,2017-04-19,Outside-Out,21.0,Sst-IRES-Cre
4722,2017-04-19,Nucleated,21.0,Sst-IRES-Cre
4723,2017-04-19,No-Seal,21.0,Sst-IRES-Cre
4724,2017-04-19,Nucleated,21.0,Sst-IRES-Cre
4727,2017-04-19,No-Seal,21.0,Sst-IRES-Cre
4728,2017-04-19,No-Seal,21.0,Sst-IRES-Cre
4729,2017-04-19,No-Seal,21.0,Sst-IRES-Cre
4730,2017-04-19,No-Seal,21.0,Sst-IRES-Cre
4737,2017-04-20,Nucleated,21.0,Vip-IRES-Cre
4738,2017-04-20,No-Seal,21.0,Vip-IRES-Cre
4739,2017-04-20,No-Seal,21.0,Vip-IRES-Cre
4740,2017-04-20,No-Seal,21.0,Vip-IRES-Cre
4741,2017-04-20,No-Seal,21.0,Vip-IRES-Cre
4742,2017-04-20,No-Seal,21.0,Vip-IRES-Cre
4743,2017-04-20,No-Seal,21.0,Vip-IRES-Cre
4744,2017-04-20,No-Seal,21.0,Vip-IRES-Cre
4745,2017-04-20,Partial-Nucleus,21.0,Vip-IRES-Cre
4746,2017-04-20,Nucleated,21.0,Vip-IRES-Cre
4749,2017-04-20,No-Seal,21.0,Vip-IRES-Cre
4750,2017-04-20,Outside-Out,21.0,Vip-IRES-Cre
4751,2017-04-20,Entire-Cell,21.0,Vip-IRES-Cre
4752,2017-04-20,No-Seal,21.0,Vip-IRES-Cre
4753,2017-04-20,No-Seal,21.0,Vip-IRES-Cre
4754,2017-04-20,No-Seal,21.0,Vip-IRES-Cre
4755,2017-04-20,No-Seal,21.0,Vip-IRES-Cre
4756,2017-04-20,No-Seal,21.0,Vip-IRES-Cre
4757,2017-04-20,Outside-Out,21.0,Vip-IRES-Cre
4758,2017-04-20,Nucleated,21.0,Vip-IRES-Cre
4765,2017-04-21,No-Seal,21.0,Gad2-IRES-Cre
4766,2017-04-21,No-Seal,21.0,Gad2-IRES-Cre
4767,2017-04-21,No-Seal,21.0,Gad2-IRES-Cre
4768,2017-04-21,No-Seal,21.0,Gad2-IRES-Cre
4769,2017-04-21,No-Seal,21.0,Gad2-IRES-Cre
4770,2017-04-21,Partial-Nucleus,21.0,Gad2-IRES-Cre
4771,2017-04-21,Nucleated,21.0,Gad2-IRES-Cre
4772,2017-04-21,No-Seal,21.0,Gad2-IRES-Cre
4775,2017-04-21,Nucleated,21.0,Gad2-IRES-Cre
4776,2017-04-21,Nucleated,21.0,Gad2-IRES-Cre
4777,2017-04-21,No-Seal,21.0,Gad2-IRES-Cre
4778,2017-04-21,No-Seal,21.0,Gad2-IRES-Cre
4779,2017-04-21,No-Seal,21.0,Gad2-IRES-Cre
4780,2017-04-21,No-Seal,21.0,Gad2-IRES-Cre
4781,2017-04-21,No-Seal,21.0,Gad2-IRES-Cre
4782,2017-04-21,No-Seal,21.0,Gad2-IRES-Cre
4783,2017-04-21,No-Seal,21.0,Gad2-IRES-Cre
4784,2017-04-21,Nucleated,21.0,Gad2-IRES-Cre
4791,2017-04-24,No-Seal,21.0,Scnn1a-Tg3-Cre
4793,2017-04-24,No-Seal,21.0,Scnn1a-Tg3-Cre
4794,2017-04-24,Nucleated,21.0,Scnn1a-Tg3-Cre
4795,2017-04-24,No-Seal,21.0,Scnn1a-Tg3-Cre
4796,2017-04-24,Partial-Nucleus,21.0,Rorb-IRES2-Cre
4797,2017-04-24,No-Seal,21.0,Rorb-IRES2-Cre
4798,2017-04-24,No-Seal,21.0,Rorb-IRES2-Cre
4799,2017-04-24,No-Seal,21.0,Rorb-IRES2-Cre
4800,2017-04-24,Nucleated,21.0,Rorb-IRES2-Cre
4803,2017-04-24,No-Seal,21.0,Scnn1a-Tg3-Cre
4804,2017-04-24,No-Seal,21.0,Scnn1a-Tg3-Cre
4805,2017-04-24,No-Seal,21.0,Scnn1a-Tg3-Cre
4806,2017-04-24,No-Seal,21.0,Scnn1a-Tg3-Cre
4807,2017-04-24,Nucleated,21.0,Scnn1a-Tg3-Cre
4808,2017-04-24,No-Seal,21.0,Rorb-IRES2-Cre
4809,2017-04-24,No-Seal,21.0,Rorb-IRES2-Cre
4810,2017-04-24,No-Seal,21.0,Rorb-IRES2-Cre
4811,2017-04-24,No-Seal,21.0,Rorb-IRES2-Cre
4812,2017-04-24,Nucleated,21.0,Rorb-IRES2-Cre
4819,2017-04-25,No-Seal,21.0,Rorb-IRES2-Cre
4820,2017-04-25,No-Seal,21.0,Rorb-IRES2-Cre
4821,2017-04-25,No-Seal,21.0,Rorb-IRES2-Cre
4822,2017-04-25,Nucleated,21.0,Rorb-IRES2-Cre
4823,2017-04-25,No-Seal,21.0,Rorb-IRES2-Cre
4824,2017-04-25,No-Seal,21.0,Rorb-IRES2-Cre
4825,2017-04-25,No-Seal,21.0,Rorb-IRES2-Cre
4826,2017-04-25,No-Seal,21.0,Rorb-IRES2-Cre
4827,2017-04-25,No-Seal,21.0,Rorb-IRES2-Cre
4828,2017-04-25,No-Seal,21.0,Rorb-IRES2-Cre
4831,2017-04-25,No-Seal,21.0,Rorb-IRES2-Cre
4832,2017-04-25,No-Seal,21.0,Rorb-IRES2-Cre
4833,2017-04-25,Nucleated,21.0,Rorb-IRES2-Cre
4834,2017-04-25,Nucleated,21.0,Rorb-IRES2-Cre
4835,2017-04-25,No-Seal,21.0,Rorb-IRES2-Cre
4836,2017-04-25,No-Seal,21.0,Rorb-IRES2-Cre
4837,2017-04-25,Entire-Cell,21.0,Rorb-IRES2-Cre
4838,2017-04-25,Nucleated,21.0,Rorb-IRES2-Cre
4839,2017-04-25,No-Seal,21.0,Rorb-IRES2-Cre
4840,2017-04-25,No-Seal,21.0,Rorb-IRES2-Cre
4847,2017-04-26,Outside-Out,21.0,Scnn1a-Tg3-Cre
4848,2017-04-26,Outside-Out,21.0,Scnn1a-Tg3-Cre
4849,2017-04-26,Outside-Out,21.0,Scnn1a-Tg3-Cre
4850,2017-04-26,Outside-Out,21.0,Scnn1a-Tg3-Cre
4851,2017-04-26,Outside-Out,21.0,Rorb-IRES2-Cre
4852,2017-04-26,Outside-Out,21.0,Rorb-IRES2-Cre
4853,2017-04-26,Outside-Out,21.0,Rorb-IRES2-Cre
4854,2017-04-26,Outside-Out,21.0,Rorb-IRES2-Cre
4855,2017-04-26,Outside-Out,21.0,Rorb-IRES2-Cre
4856,2017-04-26,Outside-Out,21.0,Rorb-IRES2-Cre
4859,2017-04-26,Outside-Out,21.0,Scnn1a-Tg3-Cre
4860,2017-04-26,Nucleated,21.0,Scnn1a-Tg3-Cre
4861,2017-04-26,Outside-Out,21.0,Scnn1a-Tg3-Cre
4862,2017-04-26,Outside-Out,21.0,Rorb-IRES2-Cre
4863,2017-04-26,Nucleated,21.0,Rorb-IRES2-Cre
4864,2017-04-26,No-Seal,21.0,Rorb-IRES2-Cre
4865,2017-04-26,Outside-Out,21.0,Rorb-IRES2-Cre
4866,2017-04-26,Nucleated,21.0,Rorb-IRES2-Cre
4867,2017-04-26,Outside-Out,21.0,Rorb-IRES2-Cre
4868,2017-04-26,No-Seal,21.0,Rorb-IRES2-Cre
4875,2017-04-27,Outside-Out,21.0,Rorb-IRES2-Cre
4876,2017-04-27,No-Seal,21.0,Rorb-IRES2-Cre
4877,2017-04-27,Outside-Out,21.0,Rorb-IRES2-Cre
4878,2017-04-27,Outside-Out,21.0,Rorb-IRES2-Cre
4879,2017-04-27,Outside-Out,21.0,Rorb-IRES2-Cre
4880,2017-04-27,Outside-Out,21.0,Rorb-IRES2-Cre
4881,2017-04-27,No-Seal,21.0,Rorb-IRES2-Cre
4882,2017-04-27,Outside-Out,21.0,Rorb-IRES2-Cre
4883,2017-04-27,Nucleated,21.0,Rorb-IRES2-Cre
4884,2017-04-27,Partial-Nucleus,21.0,Rorb-IRES2-Cre
4888,2017-04-27,Outside-Out,21.0,Rorb-IRES2-Cre
4889,2017-04-27,Outside-Out,21.0,Rorb-IRES2-Cre
4890,2017-04-27,No-Seal,21.0,Rorb-IRES2-Cre
4891,2017-04-27,Outside-Out,21.0,Rorb-IRES2-Cre
4892,2017-04-27,Outside-Out,21.0,Rorb-IRES2-Cre
4893,2017-04-27,Outside-Out,21.0,Rorb-IRES2-Cre
4894,2017-04-27,Outside-Out,21.0,Rorb-IRES2-Cre
4895,2017-04-27,Nucleated,21.0,Rorb-IRES2-Cre
4896,2017-04-27,No-Seal,21.0,Rorb-IRES2-Cre
4903,2017-04-28,Nucleated,21.0,Scnn1a-Tg3-Cre
4904,2017-04-28,Outside-Out,21.0,Scnn1a-Tg3-Cre
4905,2017-04-28,Outside-Out,21.0,Scnn1a-Tg3-Cre
4906,2017-04-28,Outside-Out,21.0,Scnn1a-Tg3-Cre
4907,2017-04-28,Outside-Out,21.0,Scnn1a-Tg3-Cre
4908,2017-04-28,Outside-Out,21.0,Rorb-IRES2-Cre
4909,2017-04-28,No-Seal,21.0,Rorb-IRES2-Cre
4910,2017-04-28,Outside-Out,21.0,Rorb-IRES2-Cre
4913,2017-04-28,Nucleated,21.0,Scnn1a-Tg3-Cre
4914,2017-04-28,No-Seal,21.0,Scnn1a-Tg3-Cre
4915,2017-04-28,Nucleated,21.0,Scnn1a-Tg3-Cre
4916,2017-04-28,Outside-Out,21.0,Scnn1a-Tg3-Cre
4917,2017-04-28,No-Seal,21.0,Rorb-IRES2-Cre
4918,2017-04-28,Partial-Nucleus,21.0,Rorb-IRES2-Cre
4919,2017-04-28,No-Seal,21.0,Rorb-IRES2-Cre
4920,2017-04-28,Partial-Nucleus,21.0,Rorb-IRES2-Cre
4927,2017-05-01,Outside-Out,21.0,Rorb-IRES2-Cre-neo
4928,2017-05-01,Outside-Out,21.0,Rorb-IRES2-Cre-neo
4929,2017-05-01,No-Seal,21.0,Rorb-IRES2-Cre-neo
4930,2017-05-01,Outside-Out,21.0,Rorb-IRES2-Cre-neo
4933,2017-05-01,Nucleated,21.0,Rorb-IRES2-Cre-neo
4934,2017-05-01,Nucleated,21.0,Rorb-IRES2-Cre-neo
4935,2017-05-01,Nucleated,21.0,Rorb-IRES2-Cre-neo
4936,2017-05-01,No-Seal,21.0,Rorb-IRES2-Cre-neo
4937,2017-05-01,Partial-Nucleus,21.0,Rorb-IRES2-Cre-neo
4938,2017-05-01,Nucleated,21.0,Rorb-IRES2-Cre-neo
4939,2017-05-01,Partial-Nucleus,21.0,Rorb-IRES2-Cre-neo
4940,2017-05-01,No-Seal,21.0,Rorb-IRES2-Cre-neo
4941,2017-05-01,Nucleated,21.0,Rorb-IRES2-Cre-neo
4942,2017-05-01,Outside-Out,21.0,Rorb-IRES2-Cre-neo
4945,2017-05-01,Nucleated,21.0,Rorb-IRES2-Cre-neo
4946,2017-05-01,No-Seal,21.0,Rorb-IRES2-Cre-neo
4947,2017-05-01,Nucleated,21.0,Rorb-IRES2-Cre-neo
4948,2017-05-01,Nucleated,21.0,Rorb-IRES2-Cre-neo
4949,2017-05-01,Nucleated,21.0,Rorb-IRES2-Cre-neo
4950,2017-05-01,No-Seal,21.0,Rorb-IRES2-Cre-neo
4951,2017-05-01,Partial-Nucleus,21.0,Rorb-IRES2-Cre-neo
4952,2017-05-01,Partial-Nucleus,21.0,Rorb-IRES2-Cre-neo
4953,2017-05-01,Nucleated,21.0,Rorb-IRES2-Cre-neo
4954,2017-05-01,Partial-Nucleus,21.0,Rorb-IRES2-Cre-neo
4961,2017-05-02,Nucleated,21.0,Rorb-IRES2-Cre-neo
4962,2017-05-02,Nucleated,21.0,Rorb-IRES2-Cre-neo
4963,2017-05-02,No-Seal,21.0,Rorb-IRES2-Cre-neo
4964,2017-05-02,Nucleated,21.0,Rorb-IRES2-Cre-neo
4965,2017-05-02,No-Seal,21.0,Rorb-IRES2-Cre-neo
4966,2017-05-02,No-Seal,21.0,Rorb-IRES2-Cre-neo
4967,2017-05-02,No-Seal,21.0,Rorb-IRES2-Cre-neo
4968,2017-05-02,Partial-Nucleus,21.0,Rorb-IRES2-Cre-neo
4969,2017-05-02,Nucleated,21.0,Rorb-IRES2-Cre-neo
4970,2017-05-02,Partial-Nucleus,21.0,Rorb-IRES2-Cre-neo
4973,2017-05-02,Partial-Nucleus,21.0,Rorb-IRES2-Cre-neo
4974,2017-05-02,Nucleated,21.0,Rorb-IRES2-Cre-neo
4975,2017-05-02,Nucleated,21.0,Rorb-IRES2-Cre-neo
4976,2017-05-02,No-Seal,21.0,Rorb-IRES2-Cre-neo
4977,2017-05-02,Partial-Nucleus,21.0,Rorb-IRES2-Cre-neo
4978,2017-05-02,Nucleated,21.0,Rorb-IRES2-Cre-neo
4979,2017-05-02,Nucleated,21.0,Rorb-IRES2-Cre-neo
4980,2017-05-02,Outside-Out,21.0,Rorb-IRES2-Cre-neo
4981,2017-05-02,Partial-Nucleus,21.0,Rorb-IRES2-Cre-neo
4982,2017-05-02,Nucleated,21.0,Rorb-IRES2-Cre-neo
4983,2017-05-02,Nucleated,21.0,Rorb-IRES2-Cre-neo
4984,2017-05-02,Nucleated,21.0,Rorb-IRES2-Cre-neo
4987,2017-05-02,Nucleated,21.0,Rorb-IRES2-Cre-neo
4988,2017-05-02,Partial-Nucleus,21.0,Rorb-IRES2-Cre-neo
4989,2017-05-02,Partial-Nucleus,21.0,Rorb-IRES2-Cre-neo
4990,2017-05-02,Partial-Nucleus,21.0,Rorb-IRES2-Cre-neo
4991,2017-05-02,Entire-Cell,21.0,Rorb-IRES2-Cre-neo
4998,2017-05-03,No-Seal,21.0,Scnn1a-Tg2-Cre
4999,2017-05-03,Nucleated,21.0,Scnn1a-Tg2-Cre
5000,2017-05-03,Nucleated,21.0,Scnn1a-Tg2-Cre
5001,2017-05-03,No-Seal,21.0,Scnn1a-Tg2-Cre
5002,2017-05-03,No-Seal,21.0,Scnn1a-Tg2-Cre
5003,2017-05-03,Nucleated,21.0,Scnn1a-Tg2-Cre
5004,2017-05-03,No-Seal,21.0,Scnn1a-Tg2-Cre
5005,2017-05-03,No-Seal,21.0,Scnn1a-Tg2-Cre
5006,2017-05-03,Partial-Nucleus,21.0,Scnn1a-Tg2-Cre
5007,2017-05-03,No-Seal,21.0,Scnn1a-Tg2-Cre
5010,2017-05-03,Nucleated,21.0,Scnn1a-Tg2-Cre
5011,2017-05-03,Nucleated,21.0,Scnn1a-Tg2-Cre
5012,2017-05-03,Nucleated,21.0,Scnn1a-Tg2-Cre
5013,2017-05-03,No-Seal,21.0,Scnn1a-Tg2-Cre
5014,2017-05-03,No-Seal,21.0,Scnn1a-Tg2-Cre
5015,2017-05-03,No-Seal,21.0,Scnn1a-Tg2-Cre
5016,2017-05-03,No-Seal,21.0,Scnn1a-Tg2-Cre
5017,2017-05-03,No-Seal,21.0,Scnn1a-Tg2-Cre
5018,2017-05-03,Entire-Cell,21.0,Scnn1a-Tg2-Cre
5019,2017-05-03,Nucleated,21.0,Scnn1a-Tg2-Cre
5022,2017-05-03,Entire-Cell,21.0,Chat-IRES-Cre-neo
5023,2017-05-03,Entire-Cell,21.0,Chat-IRES-Cre-neo
5024,2017-05-03,Partial-Nucleus,21.0,Chat-IRES-Cre-neo
5025,2017-05-03,Nucleated,21.0,Scnn1a-Tg2-Cre
5026,2017-05-03,Nucleated,21.0,Scnn1a-Tg2-Cre
5032,2017-05-04,No-Seal,21.0,Rorb-IRES2-Cre
5033,2017-05-04,Partial-Nucleus,21.0,Rorb-IRES2-Cre
5034,2017-05-04,No-Seal,21.0,Rorb-IRES2-Cre
5035,2017-05-04,No-Seal,21.0,Rorb-IRES2-Cre
5036,2017-05-04,Nucleated,21.0,Rorb-IRES2-Cre
5037,2017-05-04,Partial-Nucleus,21.0,Rorb-IRES2-Cre
5038,2017-05-04,Nucleated,21.0,Rorb-IRES2-Cre
5039,2017-05-04,Nucleated,21.0,Rorb-IRES2-Cre
5040,2017-05-04,Nucleated,21.0,Rorb-IRES2-Cre
5041,2017-05-04,No-Seal,21.0,Rorb-IRES2-Cre
5044,2017-05-04,Nucleated,21.0,Rorb-IRES2-Cre
5045,2017-05-04,Nucleated,21.0,Rorb-IRES2-Cre
5046,2017-05-04,Partial-Nucleus,21.0,Rorb-IRES2-Cre
5047,2017-05-04,Nucleated,21.0,Rorb-IRES2-Cre
5048,2017-05-04,Partial-Nucleus,21.0,Rorb-IRES2-Cre
5049,2017-05-04,No-Seal,21.0,Rorb-IRES2-Cre
5050,2017-05-04,No-Seal,21.0,Rorb-IRES2-Cre
5051,2017-05-04,Partial-Nucleus,21.0,Rorb-IRES2-Cre
5052,2017-05-04,No-Seal,21.0,Rorb-IRES2-Cre
5053,2017-05-04,Partial-Nucleus,21.0,Rorb-IRES2-Cre
5056,2017-05-04,Nucleated,21.0,Htr3a-Cre_NO152;Pvalb-T2A-Dre
5057,2017-05-04,Nucleated,21.0,Htr3a-Cre_NO152;Pvalb-T2A-Dre
5058,2017-05-04,Nucleated,21.0,Rorb-IRES2-Cre
5059,2017-05-04,Nucleated,21.0,Rorb-IRES2-Cre
5064,2017-05-05,Nucleated,21.0,Nr5a1-Cre
5065,2017-05-05,No-Seal,21.0,Nr5a1-Cre
5066,2017-05-05,No-Seal,21.0,Nr5a1-Cre
5067,2017-05-05,Nucleated,21.0,Nr5a1-Cre
5068,2017-05-05,Nucleated,21.0,Nr5a1-Cre
5069,2017-05-05,Nucleated,21.0,Nr5a1-Cre
5070,2017-05-05,No-Seal,21.0,Nr5a1-Cre
5071,2017-05-05,No-Seal,21.0,Nr5a1-Cre
5072,2017-05-05,No-Seal,21.0,Nr5a1-Cre
5073,2017-05-05,No-Seal,21.0,Nr5a1-Cre
5076,2017-05-05,No-Seal,21.0,Nr5a1-Cre
5077,2017-05-05,Nucleated,21.0,Nr5a1-Cre
5078,2017-05-05,Partial-Nucleus,21.0,Nr5a1-Cre
5079,2017-05-05,Partial-Nucleus,21.0,Nr5a1-Cre
5080,2017-05-05,Nucleated,21.0,Nr5a1-Cre
5081,2017-05-05,Partial-Nucleus,21.0,Nr5a1-Cre
5082,2017-05-05,Nucleated,21.0,Nr5a1-Cre
5083,2017-05-05,Nucleated,21.0,Nr5a1-Cre
5084,2017-05-05,Partial-Nucleus,21.0,Nr5a1-Cre
5085,2017-05-05,Partial-Nucleus,21.0,Nr5a1-Cre
5088,2017-05-05,Nucleated,21.0,Nr5a1-Cre
5089,2017-05-05,Partial-Nucleus,21.0,Nr5a1-Cre
5090,2017-05-05,Partial-Nucleus,21.0,Nr5a1-Cre
5095,2017-05-10,No-Seal,21.0,Pvalb-IRES-Cre
5096,2017-05-10,Nucleated,21.0,Pvalb-IRES-Cre
5097,2017-05-10,No-Seal,21.0,Rorb-IRES2-Cre
5098,2017-05-10,No-Seal,21.0,Rorb-IRES2-Cre
5099,2017-05-10,No-Seal,21.0,Rorb-IRES2-Cre
5100,2017-05-10,Nucleated,21.0,Rorb-IRES2-Cre
5101,2017-05-10,Partial-Nucleus,21.0,Rorb-IRES2-Cre
5102,2017-05-10,Partial-Nucleus,21.0,Rorb-IRES2-Cre
5103,2017-05-10,No-Seal,21.0,Rorb-IRES2-Cre
5106,2017-05-10,No-Seal,21.0,Rorb-IRES2-Cre
5107,2017-05-10,Nucleated,21.0,Rorb-IRES2-Cre
5108,2017-05-10,No-Seal,21.0,Rorb-IRES2-Cre
5109,2017-05-10,Nucleated,21.0,Rorb-IRES2-Cre
5110,2017-05-10,Nucleated,21.0,Rorb-IRES2-Cre
5111,2017-05-10,No-Seal,21.0,Rorb-IRES2-Cre
5112,2017-05-10,Nucleated,21.0,Rorb-IRES2-Cre
5113,2017-05-10,Partial-Nucleus,21.0,Rorb-IRES2-Cre
5116,2017-05-10,Partial-Nucleus,21.0,Rorb-IRES2-Cre
5117,2017-05-10,Partial-Nucleus,21.0,Rorb-IRES2-Cre
5118,2017-05-10,Entire-Cell,21.0,Rorb-IRES2-Cre
5119,2017-05-10,Nucleated,21.0,Rorb-IRES2-Cre
5120,2017-05-10,Partial-Nucleus,21.0,Rorb-IRES2-Cre
5121,2017-05-10,Nucleated,21.0,Rorb-IRES2-Cre
5128,2017-05-11,No-Seal,21.0,Cux2-CreERT2
5129,2017-05-11,No-Seal,21.0,Cux2-CreERT2
5130,2017-05-11,Nucleated,21.0,Cux2-CreERT2
5131,2017-05-11,Partial-Nucleus,21.0,Cux2-CreERT2
5132,2017-05-11,No-Seal,21.0,Cux2-CreERT2
5133,2017-05-11,Nucleated,21.0,Cux2-CreERT2
5134,2017-05-11,Outside-Out,21.0,Cux2-CreERT2
5135,2017-05-11,Nucleated,21.0,Cux2-CreERT2
5136,2017-05-11,Partial-Nucleus,21.0,Cux2-CreERT2
5139,2017-05-11,Nucleated,21.0,Cux2-CreERT2
5140,2017-05-11,Nucleated,21.0,Cux2-CreERT2
5141,2017-05-11,Nucleated,21.0,Cux2-CreERT2
5142,2017-05-11,Nucleated,21.0,Cux2-CreERT2
5143,2017-05-11,Nucleated,21.0,Cux2-CreERT2
5144,2017-05-11,Nucleated,21.0,Cux2-CreERT2
5145,2017-05-11,No-Seal,21.0,Cux2-CreERT2
5146,2017-05-11,Nucleated,21.0,Cux2-CreERT2
5147,2017-05-11,Partial-Nucleus,21.0,Cux2-CreERT2
5154,2017-05-12,No-Seal,21.0,Cux2-CreERT2
5155,2017-05-12,No-Seal,21.0,Cux2-CreERT2
5156,2017-05-12,No-Seal,21.0,Cux2-CreERT2
5157,2017-05-12,No-Seal,21.0,Cux2-CreERT2
5158,2017-05-12,No-Seal,21.0,Cux2-CreERT2
5159,2017-05-12,No-Seal,21.0,Cux2-CreERT2
5160,2017-05-12,Nucleated,21.0,Cux2-CreERT2
5161,2017-05-12,Nucleated,21.0,Cux2-CreERT2
5162,2017-05-12,Partial-Nucleus,21.0,Cux2-CreERT2
5163,2017-05-12,Nucleated,21.0,Cux2-CreERT2
5166,2017-05-12,Nucleated,21.0,Cux2-CreERT2
5167,2017-05-12,Nucleated,21.0,Cux2-CreERT2
5168,2017-05-12,No-Seal,21.0,Cux2-CreERT2
5169,2017-05-12,Partial-Nucleus,21.0,Cux2-CreERT2
5170,2017-05-12,Nucleated,21.0,Cux2-CreERT2
5171,2017-05-12,Nucleated,21.0,Cux2-CreERT2
5172,2017-05-12,Partial-Nucleus,21.0,Cux2-CreERT2
5173,2017-05-12,No-Seal,21.0,Cux2-CreERT2
5174,2017-05-12,Nucleated,21.0,Cux2-CreERT2
5175,2017-05-12,Nucleated,21.0,Cux2-CreERT2
5182,2017-05-15,No-Seal,21.0,Pvalb-IRES-Cre
5183,2017-05-15,No-Seal,21.0,Pvalb-IRES-Cre
5184,2017-05-15,Partial-Nucleus,21.0,Pvalb-IRES-Cre
5185,2017-05-15,No-Seal,21.0,Pvalb-IRES-Cre
5186,2017-05-15,No-Seal,21.0,Pvalb-IRES-Cre
5187,2017-05-15,No-Seal,21.0,Pvalb-IRES-Cre
5188,2017-05-15,Nucleated,21.0,Pvalb-IRES-Cre
5189,2017-05-15,No-Seal,21.0,Pvalb-IRES-Cre
5190,2017-05-15,Partial-Nucleus,21.0,Pvalb-IRES-Cre
5193,2017-05-15,Outside-Out,21.0,Pvalb-IRES-Cre
5194,2017-05-15,Nucleated,21.0,Pvalb-IRES-Cre
5195,2017-05-15,Partial-Nucleus,21.0,Pvalb-IRES-Cre
5196,2017-05-15,Nucleated,21.0,Pvalb-IRES-Cre
5197,2017-05-15,No-Seal,21.0,Pvalb-IRES-Cre
5198,2017-05-15,Nucleated,21.0,Pvalb-IRES-Cre
5199,2017-05-15,No-Seal,21.0,Pvalb-IRES-Cre
5200,2017-05-15,No-Seal,21.0,Pvalb-IRES-Cre
5207,2017-05-16,Nucleated,21.0,Gad2-IRES-Cre
5208,2017-05-16,No-Seal,21.0,Gad2-IRES-Cre
5209,2017-05-16,No-Seal,21.0,Gad2-IRES-Cre
5210,2017-05-16,No-Seal,21.0,Gad2-IRES-Cre
5211,2017-05-16,Nucleated,21.0,Gad2-IRES-Cre
5212,2017-05-16,No-Seal,21.0,Gad2-IRES-Cre
5215,2017-05-16,Outside-Out,21.0,Gad2-IRES-Cre
5216,2017-05-16,Nucleated,21.0,Gad2-IRES-Cre
5217,2017-05-16,Nucleated,21.0,Gad2-IRES-Cre
5218,2017-05-16,Nucleated,21.0,Gad2-IRES-Cre
5219,2017-05-16,Nucleated,21.0,Gad2-IRES-Cre
5220,2017-05-16,Nucleated,21.0,Gad2-IRES-Cre
5221,2017-05-16,Partial-Nucleus,21.0,Gad2-IRES-Cre
5228,2017-05-17,Nucleated,21.0,Gad2-IRES-Cre
5229,2017-05-17,Partial-Nucleus,21.0,Gad2-IRES-Cre
5230,2017-05-17,Nucleated,21.0,Gad2-IRES-Cre
5231,2017-05-17,Nucleated,21.0,Gad2-IRES-Cre
5232,2017-05-17,No-Seal,21.0,Gad2-IRES-Cre
5233,2017-05-17,No-Seal,21.0,Gad2-IRES-Cre
5234,2017-05-17,Nucleated,21.0,Gad2-IRES-Cre
5235,2017-05-17,Nucleated,21.0,Gad2-IRES-Cre
5236,2017-05-17,Nucleated,21.0,Gad2-IRES-Cre
5237,2017-05-17,No-Seal,21.0,Gad2-IRES-Cre
5240,2017-05-17,Partial-Nucleus,21.0,Gad2-IRES-Cre
5241,2017-05-17,Partial-Nucleus,21.0,Gad2-IRES-Cre
5242,2017-05-17,Outside-Out,21.0,Gad2-IRES-Cre
5243,2017-05-17,Nucleated,21.0,Gad2-IRES-Cre
5244,2017-05-17,Nucleated,21.0,Gad2-IRES-Cre
5245,2017-05-17,No-Seal,21.0,Gad2-IRES-Cre
5246,2017-05-17,Nucleated,21.0,Gad2-IRES-Cre
5247,2017-05-17,Nucleated,21.0,Gad2-IRES-Cre
5248,2017-05-17,Nucleated,21.0,Gad2-IRES-Cre
5251,2017-05-17,Partial-Nucleus,21.0,Gad2-IRES-Cre
5252,2017-05-17,Partial-Nucleus,21.0,Gad2-IRES-Cre
5253,2017-05-17,missing,21.0,Gad2-IRES-Cre
5260,2017-05-18,Nucleated,21.0,Pvalb-IRES-Cre
5261,2017-05-18,Nucleated,21.0,Pvalb-IRES-Cre
5262,2017-05-18,Outside-Out,21.0,Pvalb-IRES-Cre
5263,2017-05-18,Partial-Nucleus,21.0,Pvalb-IRES-Cre
5264,2017-05-18,Partial-Nucleus,21.0,Pvalb-IRES-Cre
5265,2017-05-18,No-Seal,21.0,Pvalb-IRES-Cre
5266,2017-05-18,No-Seal,21.0,Pvalb-IRES-Cre
5269,2017-05-18,Partial-Nucleus,21.0,Pvalb-IRES-Cre
5270,2017-05-18,No-Seal,21.0,Pvalb-IRES-Cre
5271,2017-05-18,No-Seal,21.0,Pvalb-IRES-Cre
5272,2017-05-18,Nucleated,21.0,Pvalb-IRES-Cre
5273,2017-05-18,Nucleated,21.0,Pvalb-IRES-Cre
5274,2017-05-18,Nucleated,21.0,Pvalb-IRES-Cre
5275,2017-05-18,Nucleated,21.0,Pvalb-IRES-Cre
5276,2017-05-18,Nucleated,21.0,Pvalb-IRES-Cre
5277,2017-05-18,Partial-Nucleus,21.0,Pvalb-IRES-Cre
5278,2017-05-18,No-Seal,21.0,Pvalb-IRES-Cre
5281,2017-05-18,Entire-Cell,21.0,Pvalb-IRES-Cre
5282,2017-05-18,Nucleated,21.0,Pvalb-IRES-Cre
5283,2017-05-18,Nucleated,21.0,Pvalb-IRES-Cre
5284,2017-05-18,Partial-Nucleus,21.0,Pvalb-IRES-Cre
5285,2017-05-18,No-Seal,21.0,Pvalb-IRES-Cre
5286,2017-05-18,Nucleated,21.0,Pvalb-IRES-Cre
5287,2017-05-18,Nucleated,21.0,Pvalb-IRES-Cre
5288,2017-05-18,Nucleated,21.0,Pvalb-IRES-Cre
5289,2017-05-18,Partial-Nucleus,21.0,Pvalb-IRES-Cre
5296,2017-05-19,Partial-Nucleus,21.0,Gad2-IRES-Cre
5297,2017-05-19,Nucleated,21.0,Gad2-IRES-Cre
5298,2017-05-19,Nucleated,21.0,Gad2-IRES-Cre
5299,2017-05-19,Partial-Nucleus,21.0,Gad2-IRES-Cre
5300,2017-05-19,No-Seal,21.0,Gad2-IRES-Cre
5301,2017-05-19,Nucleated,21.0,Gad2-IRES-Cre
5302,2017-05-19,Nucleated,21.0,Gad2-IRES-Cre
5305,2017-05-19,No-Seal,21.0,Gad2-IRES-Cre
5306,2017-05-19,No-Seal,21.0,Gad2-IRES-Cre
5307,2017-05-19,Nucleated,21.0,Gad2-IRES-Cre
5308,2017-05-19,No-Seal,21.0,Gad2-IRES-Cre
5309,2017-05-19,No-Seal,21.0,Gad2-IRES-Cre
5310,2017-05-19,No-Seal,21.0,Gad2-IRES-Cre
5311,2017-05-19,No-Seal,21.0,Gad2-IRES-Cre
5312,2017-05-19,Nucleated,21.0,Gad2-IRES-Cre
5319,2017-05-22,Nucleated,21.0,Slc32a1-IRES-Cre
5320,2017-05-22,No-Seal,21.0,Slc32a1-IRES-Cre
5321,2017-05-22,Nucleated,21.0,Slc32a1-IRES-Cre
5322,2017-05-22,Nucleated,21.0,Slc32a1-IRES-Cre
5323,2017-05-22,Nucleated,21.0,Slc32a1-IRES-Cre
5326,2017-05-22,Partial-Nucleus,21.0,Slc32a1-IRES-Cre
5327,2017-05-22,Nucleated,21.0,Slc32a1-IRES-Cre
5334,2017-05-23,No-Seal,21.0,Slc32a1-IRES-Cre
5335,2017-05-23,Nucleated,21.0,Slc32a1-IRES-Cre
5336,2017-05-23,Nucleated,21.0,Slc32a1-IRES-Cre
5337,2017-05-23,Nucleated,21.0,Slc32a1-IRES-Cre
5338,2017-05-23,No-Seal,21.0,Slc32a1-IRES-Cre
5339,2017-05-23,Partial-Nucleus,21.0,Slc32a1-IRES-Cre
5340,2017-05-23,No-Seal,21.0,Slc32a1-IRES-Cre
5341,2017-05-23,No-Seal,21.0,Slc32a1-IRES-Cre
5342,2017-05-23,No-Seal,21.0,Slc32a1-IRES-Cre
5343,2017-05-23,No-Seal,21.0,Slc32a1-IRES-Cre
5346,2017-05-23,No-Seal,21.0,Slc32a1-IRES-Cre
5347,2017-05-23,No-Seal,21.0,Slc32a1-IRES-Cre
5348,2017-05-23,No-Seal,21.0,Slc32a1-IRES-Cre
5349,2017-05-23,No-Seal,21.0,Slc32a1-IRES-Cre
5350,2017-05-23,Nucleated,21.0,Slc32a1-IRES-Cre
5351,2017-05-23,Nucleated,21.0,Slc32a1-IRES-Cre
5352,2017-05-23,Nucleated,21.0,Slc32a1-IRES-Cre
5353,2017-05-23,No-Seal,21.0,Slc32a1-IRES-Cre
5354,2017-05-23,Nucleated,21.0,Slc32a1-IRES-Cre
5355,2017-05-23,Nucleated,21.0,Slc32a1-IRES-Cre
5359,2017-05-23,Partial-Nucleus,21.0,Slc32a1-IRES-Cre
5360,2017-05-23,Partial-Nucleus,21.0,Slc32a1-IRES-Cre
5361,2017-05-23,Partial-Nucleus,21.0,Slc32a1-IRES-Cre
5362,2017-05-23,Partial-Nucleus,21.0,Slc32a1-IRES-Cre
5369,2017-05-24,Nucleated,21.0,Slc32a1-IRES-Cre
5370,2017-05-24,Nucleated,21.0,Slc32a1-IRES-Cre
5371,2017-05-24,Nucleated,21.0,Slc32a1-IRES-Cre
5372,2017-05-24,Entire-Cell,21.0,Slc32a1-IRES-Cre
5375,2017-05-25,Nucleated,21.0,Slc32a1-IRES-Cre
5376,2017-05-25,Nucleated,21.0,Slc32a1-IRES-Cre
5377,2017-05-25,Nucleated,21.0,Slc32a1-IRES-Cre
5378,2017-05-25,Nucleated,21.0,Slc32a1-IRES-Cre
5379,2017-05-25,Partial-Nucleus,21.0,Slc32a1-IRES-Cre
5380,2017-05-25,Nucleated,21.0,Slc32a1-IRES-Cre
5381,2017-05-25,Nucleated,21.0,Slc32a1-IRES-Cre
5382,2017-05-25,Nucleated,21.0,Slc32a1-IRES-Cre
5383,2017-05-25,No-Seal,21.0,Slc32a1-IRES-Cre
5384,2017-05-25,No-Seal,21.0,Slc32a1-IRES-Cre
5387,2017-05-25,No-Seal,21.0,Slc32a1-IRES-Cre
5388,2017-05-25,No-Seal,21.0,Slc32a1-IRES-Cre
5389,2017-05-25,No-Seal,21.0,Slc32a1-IRES-Cre
5390,2017-05-25,No-Seal,21.0,Slc32a1-IRES-Cre
5391,2017-05-25,Partial-Nucleus,21.0,Slc32a1-IRES-Cre
5392,2017-05-25,Nucleated,21.0,Slc32a1-IRES-Cre
5393,2017-05-25,Nucleated,21.0,Slc32a1-IRES-Cre
5394,2017-05-25,Nucleated,21.0,Slc32a1-IRES-Cre
5395,2017-05-25,Partial-Nucleus,21.0,Slc32a1-IRES-Cre
5396,2017-05-25,Nucleated,21.0,Slc32a1-IRES-Cre
5403,2017-05-26,Nucleated,21.0,Slc32a1-IRES-Cre
5404,2017-05-26,Nucleated,21.0,Slc32a1-IRES-Cre
5405,2017-05-26,Partial-Nucleus,21.0,Slc32a1-IRES-Cre
5406,2017-05-26,Nucleated,21.0,Slc32a1-IRES-Cre
5407,2017-05-26,Partial-Nucleus,21.0,Slc32a1-IRES-Cre
5408,2017-05-26,Nucleated,21.0,Slc32a1-IRES-Cre
5409,2017-05-26,Nucleated,21.0,Slc32a1-IRES-Cre
5410,2017-05-26,Nucleated,21.0,Slc32a1-IRES-Cre
5411,2017-05-26,Outside-Out,21.0,Slc32a1-IRES-Cre
5412,2017-05-26,Nucleated,21.0,Slc32a1-IRES-Cre
5415,2017-05-26,No-Seal,21.0,Slc32a1-IRES-Cre
5416,2017-05-26,Nucleated,21.0,Slc32a1-IRES-Cre
5417,2017-05-26,Partial-Nucleus,21.0,Slc32a1-IRES-Cre
5418,2017-05-26,Nucleated,21.0,Slc32a1-IRES-Cre
5419,2017-05-26,No-Seal,21.0,Slc32a1-IRES-Cre
5420,2017-05-26,Partial-Nucleus,21.0,Slc32a1-IRES-Cre
5421,2017-05-26,No-Seal,21.0,Slc32a1-IRES-Cre
5422,2017-05-26,No-Seal,21.0,Slc32a1-IRES-Cre
5423,2017-05-26,Nucleated,21.0,Slc32a1-IRES-Cre
5424,2017-05-26,Nucleated,21.0,Slc32a1-IRES-Cre
5432,2017-06-01,No-Seal,21.0,Vip-IRES-Cre
5433,2017-06-01,No-Seal,21.0,Vip-IRES-Cre
5434,2017-06-01,Partial-Nucleus,21.0,Vip-IRES-Cre
5435,2017-06-01,Nucleated,21.0,Vip-IRES-Cre
5436,2017-06-01,Entire-Cell,21.0,Vip-IRES-Cre
5437,2017-06-01,Nucleated,21.0,Vip-IRES-Cre
5440,2017-06-01,No-Seal,21.0,Vip-IRES-Cre
5441,2017-06-01,No-Seal,21.0,Vip-IRES-Cre
5442,2017-06-01,Nucleated,21.0,Vip-IRES-Cre
5443,2017-06-01,No-Seal,21.0,Vip-IRES-Cre
5449,2017-06-02,Nucleated,21.0,Vip-IRES-Cre
5450,2017-06-02,No-Seal,21.0,Vip-IRES-Cre
5451,2017-06-02,Nucleated,21.0,Vip-IRES-Cre
5452,2017-06-02,Nucleated,21.0,Vip-IRES-Cre
5453,2017-06-02,Nucleated,21.0,Vip-IRES-Cre
5454,2017-06-02,Nucleated,21.0,Vip-IRES-Cre
5455,2017-06-02,Nucleated,21.0,Vip-IRES-Cre
5456,2017-06-02,Nucleated,21.0,Vip-IRES-Cre
5459,2017-06-02,No-Seal,21.0,Vip-IRES-Cre
5460,2017-06-02,Nucleated,21.0,Vip-IRES-Cre
5461,2017-06-02,Nucleated,21.0,Vip-IRES-Cre
5462,2017-06-02,No-Seal,21.0,Vip-IRES-Cre
5463,2017-06-02,Nucleated,21.0,Vip-IRES-Cre
5464,2017-06-02,No-Seal,21.0,Vip-IRES-Cre
5465,2017-06-02,Nucleated,21.0,Vip-IRES-Cre
5466,2017-06-02,No-Seal,21.0,Vip-IRES-Cre
5467,2017-06-02,Nucleated,21.0,Vip-IRES-Cre
5468,2017-06-02,Nucleated,21.0,Vip-IRES-Cre
5471,2017-06-02,Partial-Nucleus,21.0,Vip-IRES-Cre
5472,2017-06-02,Nucleated,21.0,Vip-IRES-Cre
5473,2017-06-02,Partial-Nucleus,21.0,Vip-IRES-Cre
5474,2017-06-02,Nucleated,21.0,Vip-IRES-Cre
5481,2017-06-05,Partial-Nucleus,21.0,Pvalb-IRES-Cre
5482,2017-06-05,No-Seal,21.0,Pvalb-IRES-Cre
5483,2017-06-05,No-Seal,21.0,Pvalb-IRES-Cre
5484,2017-06-05,No-Seal,21.0,Pvalb-IRES-Cre
5485,2017-06-05,No-Seal,21.0,Pvalb-IRES-Cre
5486,2017-06-05,Nucleated,21.0,Pvalb-IRES-Cre
5487,2017-06-05,Partial-Nucleus,21.0,Pvalb-IRES-Cre
5488,2017-06-05,Partial-Nucleus,21.0,Pvalb-IRES-Cre
5491,2017-06-05,Partial-Nucleus,21.0,Pvalb-IRES-Cre
5492,2017-06-05,No-Seal,21.0,Pvalb-IRES-Cre
5493,2017-06-05,Partial-Nucleus,21.0,Pvalb-IRES-Cre
5494,2017-06-05,Nucleated,21.0,Pvalb-IRES-Cre
5495,2017-06-05,No-Seal,21.0,Pvalb-IRES-Cre
5503,2017-06-06,Nucleated,21.0,Pvalb-IRES-Cre
5504,2017-06-06,Nucleated,21.0,Pvalb-IRES-Cre
5505,2017-06-06,No-Seal,21.0,Pvalb-IRES-Cre
5506,2017-06-06,Partial-Nucleus,21.0,Pvalb-IRES-Cre
5507,2017-06-06,No-Seal,21.0,Pvalb-IRES-Cre
5508,2017-06-06,No-Seal,21.0,Pvalb-IRES-Cre
5511,2017-06-06,Nucleated,21.0,Pvalb-IRES-Cre
5512,2017-06-06,Partial-Nucleus,21.0,Pvalb-IRES-Cre
5513,2017-06-06,No-Seal,21.0,Pvalb-IRES-Cre
5514,2017-06-06,Nucleated,21.0,Pvalb-IRES-Cre
5521,2017-06-07,No-Seal,21.0,Vip-IRES-Cre
5522,2017-06-07,No-Seal,21.0,Vip-IRES-Cre
5523,2017-06-07,Nucleated,21.0,Vip-IRES-Cre
5530,2017-06-08,Outside-Out,21.0,Vip-IRES-Cre
5531,2017-06-08,Outside-Out,21.0,Vip-IRES-Cre
5532,2017-06-08,Partial-Nucleus,21.0,Vip-IRES-Cre
5533,2017-06-08,No-Seal,21.0,Vip-IRES-Cre
5534,2017-06-08,Nucleated,21.0,Vip-IRES-Cre
5541,2017-06-09,No-Seal,21.0,Chat-IRES-Cre-neo
5542,2017-06-09,Partial-Nucleus,21.0,Chat-IRES-Cre-neo
5543,2017-06-09,No-Seal,21.0,Chat-IRES-Cre-neo
5544,2017-06-09,Nucleated,21.0,Chat-IRES-Cre-neo
5545,2017-06-09,Partial-Nucleus,21.0,Chat-IRES-Cre-neo
5546,2017-06-09,No-Seal,21.0,Chat-IRES-Cre-neo
5547,2017-06-09,No-Seal,21.0,Chat-IRES-Cre-neo
5548,2017-06-09,No-Seal,21.0,Chat-IRES-Cre-neo
5551,2017-06-09,Nucleated,21.0,Chat-IRES-Cre-neo
5552,2017-06-09,Partial-Nucleus,21.0,Chat-IRES-Cre-neo
5553,2017-06-09,Partial-Nucleus,21.0,Chat-IRES-Cre-neo
5554,2017-06-09,No-Seal,21.0,Chat-IRES-Cre-neo
5561,2017-06-12,Nucleated,21.0,Gad2-IRES-Cre
5562,2017-06-12,No-Seal,21.0,Gad2-IRES-Cre
5563,2017-06-12,Partial-Nucleus,21.0,Gad2-IRES-Cre
5564,2017-06-12,Nucleated,21.0,Gad2-IRES-Cre
5565,2017-06-12,Nucleated,21.0,Gad2-IRES-Cre
5566,2017-06-12,No-Seal,21.0,Gad2-IRES-Cre
5567,2017-06-12,No-Seal,21.0,Gad2-IRES-Cre
5568,2017-06-12,No-Seal,21.0,Gad2-IRES-Cre
5571,2017-06-12,Nucleated,21.0,Gad2-IRES-Cre
5572,2017-06-12,Nucleated,21.0,Gad2-IRES-Cre
5573,2017-06-12,Nucleated,21.0,Gad2-IRES-Cre
5574,2017-06-12,Nucleated,21.0,Gad2-IRES-Cre
5575,2017-06-12,Nucleated,21.0,Gad2-IRES-Cre
5576,2017-06-12,No-Seal,21.0,Gad2-IRES-Cre
5577,2017-06-12,Nucleated,21.0,Gad2-IRES-Cre
5578,2017-06-12,Nucleated,21.0,Gad2-IRES-Cre
5581,2017-06-12,Partial-Nucleus,21.0,Gad2-IRES-Cre
5582,2017-06-12,No-Seal,21.0,Gad2-IRES-Cre
5583,2017-06-12,Partial-Nucleus,21.0,Gad2-IRES-Cre
5588,2017-06-13,Partial-Nucleus,21.0,Gad2-IRES-Cre
5589,2017-06-13,No-Seal,21.0,Gad2-IRES-Cre
5590,2017-06-13,No-Seal,21.0,Gad2-IRES-Cre
5591,2017-06-13,Nucleated,21.0,Gad2-IRES-Cre
5592,2017-06-13,Nucleated,21.0,Gad2-IRES-Cre
5593,2017-06-13,Nucleated,21.0,Gad2-IRES-Cre
5594,2017-06-13,No-Seal,21.0,Gad2-IRES-Cre
5595,2017-06-13,No-Seal,21.0,Gad2-IRES-Cre
5596,2017-06-13,Entire-Cell,21.0,Gad2-IRES-Cre
5597,2017-06-13,Nucleated,21.0,Gad2-IRES-Cre
5598,2017-06-13,No-Seal,21.0,Gad2-IRES-Cre
5599,2017-06-13,Nucleated,21.0,Gad2-IRES-Cre
5602,2017-06-13,No-Seal,21.0,Gad2-IRES-Cre
5603,2017-06-13,Partial-Nucleus,21.0,Gad2-IRES-Cre
5604,2017-06-13,Partial-Nucleus,21.0,Gad2-IRES-Cre
5605,2017-06-13,No-Seal,21.0,Gad2-IRES-Cre
5606,2017-06-13,No-Seal,21.0,Gad2-IRES-Cre
5607,2017-06-13,Nucleated,21.0,Gad2-IRES-Cre
5612,2017-06-14,Nucleated,21.0,Gad2-IRES-Cre
5613,2017-06-14,Nucleated,21.0,Gad2-IRES-Cre
5614,2017-06-14,No-Seal,21.0,Gad2-IRES-Cre
5615,2017-06-14,Partial-Nucleus,21.0,Gad2-IRES-Cre
5616,2017-06-14,Nucleated,21.0,Gad2-IRES-Cre
5617,2017-06-14,Nucleated,21.0,Gad2-IRES-Cre
5620,2017-06-16,No-Seal,21.0,Gad2-IRES-Cre
5621,2017-06-16,No-Seal,21.0,Gad2-IRES-Cre
5622,2017-06-16,Partial-Nucleus,21.0,Gad2-IRES-Cre
5623,2017-06-16,No-Seal,21.0,Gad2-IRES-Cre
5624,2017-06-16,No-Seal,21.0,Gad2-IRES-Cre
5625,2017-06-16,Partial-Nucleus,21.0,Gad2-IRES-Cre
5626,2017-06-16,No-Seal,21.0,Gad2-IRES-Cre
5629,2017-06-16,No-Seal,21.0,Gad2-IRES-Cre
5634,2017-06-19,No-Seal,21.0,Slc32a1-IRES-Cre
5635,2017-06-19,Nucleated,21.0,Slc32a1-IRES-Cre
5636,2017-06-19,Nucleated,21.0,Slc32a1-IRES-Cre
5637,2017-06-19,No-Seal,21.0,Slc32a1-IRES-Cre
5638,2017-06-19,Outside-Out,21.0,Slc32a1-IRES-Cre
5639,2017-06-19,Nucleated,21.0,Slc32a1-IRES-Cre
5640,2017-06-19,No-Seal,21.0,Slc32a1-IRES-Cre
5641,2017-06-19,No-Seal,21.0,Slc32a1-IRES-Cre
5644,2017-06-19,No-Seal,21.0,Slc32a1-IRES-Cre
5645,2017-06-19,Partial-Nucleus,21.0,Slc32a1-IRES-Cre
5646,2017-06-19,No-Seal,21.0,Slc32a1-IRES-Cre
5647,2017-06-19,Partial-Nucleus,21.0,Slc32a1-IRES-Cre
5648,2017-06-19,No-Seal,21.0,Slc32a1-IRES-Cre
5649,2017-06-19,Nucleated,21.0,Slc32a1-IRES-Cre
5656,2017-06-20,Nucleated,21.0,Slc32a1-IRES-Cre
5657,2017-06-20,Nucleated,21.0,Slc32a1-IRES-Cre
5658,2017-06-20,Nucleated,21.0,Slc32a1-IRES-Cre
5659,2017-06-20,Nucleated,21.0,Slc32a1-IRES-Cre
5660,2017-06-20,Nucleated,21.0,Slc32a1-IRES-Cre
5661,2017-06-20,No-Seal,21.0,Slc32a1-IRES-Cre
5662,2017-06-20,No-Seal,21.0,Slc32a1-IRES-Cre
5663,2017-06-20,Nucleated,21.0,Slc32a1-IRES-Cre
5666,2017-06-20,Partial-Nucleus,21.0,Slc32a1-IRES-Cre
5667,2017-06-20,Partial-Nucleus,21.0,Slc32a1-IRES-Cre
5668,2017-06-20,Partial-Nucleus,21.0,Slc32a1-IRES-Cre
5669,2017-06-20,No-Seal,21.0,Slc32a1-IRES-Cre
5670,2017-06-20,Nucleated,21.0,Slc32a1-IRES-Cre
5671,2017-06-20,No-Seal,21.0,Slc32a1-IRES-Cre
5672,2017-06-20,Partial-Nucleus,21.0,Slc32a1-IRES-Cre
5675,2017-06-20,Nucleated,21.0,Slc32a1-IRES-Cre
5676,2017-06-20,Nucleated,21.0,Slc32a1-IRES-Cre
5677,2017-06-20,Nucleated,21.0,Slc32a1-IRES-Cre
5678,2017-06-20,Nucleated,21.0,Slc32a1-IRES-Cre
5687,2017-06-21,No-Seal,21.0,Slc32a1-IRES-Cre
5688,2017-06-21,Partial-Nucleus,21.0,Slc32a1-IRES-Cre
5689,2017-06-21,No-Seal,21.0,Slc32a1-IRES-Cre
5690,2017-06-21,No-Seal,21.0,Slc32a1-IRES-Cre
5691,2017-06-21,Nucleated,21.0,Slc32a1-IRES-Cre
5692,2017-06-21,Nucleated,21.0,Slc32a1-IRES-Cre
5695,2017-06-21,Nucleated,21.0,Slc32a1-IRES-Cre
5696,2017-06-21,Partial-Nucleus,21.0,Slc32a1-IRES-Cre
5697,2017-06-21,No-Seal,21.0,Slc32a1-IRES-Cre
5698,2017-06-21,No-Seal,21.0,Slc32a1-IRES-Cre
5699,2017-06-21,No-Seal,21.0,Slc32a1-IRES-Cre
5702,2017-06-21,Partial-Nucleus,21.0,Slc32a1-IRES-Cre
5703,2017-06-21,Nucleated,21.0,Slc32a1-IRES-Cre
5704,2017-06-21,No-Seal,21.0,Slc32a1-IRES-Cre
5705,2017-06-21,Nucleated,21.0,Slc32a1-IRES-Cre
5706,2017-06-21,Nucleated,21.0,Slc32a1-IRES-Cre
5713,2017-06-22,Nucleated,21.0,Slc32a1-IRES-Cre
5714,2017-06-22,No-Seal,21.0,Slc32a1-IRES-Cre
5715,2017-06-22,No-Seal,21.0,Slc32a1-IRES-Cre
5716,2017-06-22,Nucleated,21.0,Slc32a1-IRES-Cre
5717,2017-06-22,Nucleated,21.0,Slc32a1-IRES-Cre
5718,2017-06-22,Nucleated,21.0,Slc32a1-IRES-Cre
5719,2017-06-22,Nucleated,21.0,Slc32a1-IRES-Cre
5720,2017-06-22,Partial-Nucleus,21.0,Slc32a1-IRES-Cre
5723,2017-06-22,Nucleated,21.0,Slc32a1-IRES-Cre
5724,2017-06-22,No-Seal,21.0,Slc32a1-IRES-Cre
5725,2017-06-22,No-Seal,21.0,Slc32a1-IRES-Cre
5726,2017-06-22,Nucleated,21.0,Slc32a1-IRES-Cre
5727,2017-06-22,Nucleated,21.0,Slc32a1-IRES-Cre
5728,2017-06-22,No-Seal,21.0,Slc32a1-IRES-Cre
5729,2017-06-22,Nucleated,21.0,Slc32a1-IRES-Cre
5730,2017-06-22,No-Seal,21.0,Slc32a1-IRES-Cre
5733,2017-06-22,Nucleated,21.0,Slc32a1-IRES-Cre
5734,2017-06-22,No-Seal,21.0,Slc32a1-IRES-Cre
5735,2017-06-22,Partial-Nucleus,21.0,Slc32a1-IRES-Cre
5736,2017-06-22,Nucleated,21.0,Slc32a1-IRES-Cre
5737,2017-06-22,Nucleated,21.0,Slc32a1-IRES-Cre
5738,2017-06-22,Nucleated,21.0,Slc32a1-IRES-Cre
5739,2017-06-22,No-Seal,21.0,Slc32a1-IRES-Cre
5746,2017-06-23,Nucleated,21.0,Slc32a1-IRES-Cre
5747,2017-06-23,Nucleated,21.0,Slc32a1-IRES-Cre
5748,2017-06-23,Nucleated,21.0,Slc32a1-IRES-Cre
5749,2017-06-23,Nucleated,21.0,Slc32a1-IRES-Cre
5750,2017-06-23,Nucleated,21.0,Slc32a1-IRES-Cre
5751,2017-06-23,Nucleated,21.0,Slc32a1-IRES-Cre
5752,2017-06-23,No-Seal,21.0,Slc32a1-IRES-Cre
5753,2017-06-23,Nucleated,21.0,Slc32a1-IRES-Cre
5754,2017-06-23,No-Seal,21.0,Slc32a1-IRES-Cre
5755,2017-06-23,Nucleated,21.0,Slc32a1-IRES-Cre
5756,2017-06-23,Nucleated,21.0,Slc32a1-IRES-Cre
5757,2017-06-23,No-Seal,21.0,Slc32a1-IRES-Cre
5760,2017-06-23,Nucleated,21.0,Slc32a1-IRES-Cre
5761,2017-06-23,Nucleated,21.0,Slc32a1-IRES-Cre
5762,2017-06-23,Nucleated,21.0,Slc32a1-IRES-Cre
5763,2017-06-23,Nucleated,21.0,Slc32a1-IRES-Cre
5764,2017-06-23,Nucleated,21.0,Slc32a1-IRES-Cre
5765,2017-06-23,Nucleated,21.0,Slc32a1-IRES-Cre
5766,2017-06-23,Nucleated,21.0,Slc32a1-IRES-Cre
5767,2017-06-23,Partial-Nucleus,21.0,Slc32a1-IRES-Cre
5768,2017-06-23,No-Seal,21.0,Slc32a1-IRES-Cre
5771,2017-06-23,No-Seal,21.0,Slc32a1-IRES-Cre
5772,2017-06-23,No-Seal,21.0,Slc32a1-IRES-Cre
5773,2017-06-23,Partial-Nucleus,21.0,Slc32a1-IRES-Cre
5774,2017-06-23,Nucleated,21.0,Slc32a1-IRES-Cre
5775,2017-06-23,Nucleated,21.0,Slc32a1-IRES-Cre
5776,2017-06-23,Nucleated,21.0,Slc32a1-IRES-Cre
5777,2017-06-23,Nucleated,21.0,Slc32a1-IRES-Cre
5778,2017-06-23,Nucleated,21.0,Slc32a1-IRES-Cre
5779,2017-06-23,Nucleated,21.0,Slc32a1-IRES-Cre
5780,2017-06-23,Nucleated,21.0,Slc32a1-IRES-Cre
5781,2017-06-23,Nucleated,21.0,Slc32a1-IRES-Cre
5782,2017-06-23,Nucleated,21.0,Slc32a1-IRES-Cre
5789,2017-06-26,Nucleated,21.0,Gad2-IRES-Cre
5790,2017-06-26,No-Seal,21.0,Gad2-IRES-Cre
5791,2017-06-26,No-Seal,21.0,Gad2-IRES-Cre
5792,2017-06-26,No-Seal,21.0,Gad2-IRES-Cre
5793,2017-06-26,Partial-Nucleus,21.0,Gad2-IRES-Cre
5796,2017-06-26,Nucleated,21.0,Gad2-IRES-Cre
5797,2017-06-26,No-Seal,21.0,Gad2-IRES-Cre
5798,2017-06-26,No-Seal,21.0,Gad2-IRES-Cre
5799,2017-06-26,No-Seal,21.0,Gad2-IRES-Cre
5800,2017-06-26,Nucleated,21.0,Gad2-IRES-Cre
5801,2017-06-26,Nucleated,21.0,Gad2-IRES-Cre
5802,2017-06-26,No-Seal,21.0,Gad2-IRES-Cre
5803,2017-06-26,Nucleated,21.0,Gad2-IRES-Cre
5804,2017-06-26,Nucleated,21.0,Gad2-IRES-Cre
5811,2017-06-27,Nucleated,21.0,Gad2-IRES-Cre
5812,2017-06-27,Nucleated,21.0,Gad2-IRES-Cre
5813,2017-06-27,Nucleated,21.0,Gad2-IRES-Cre
5814,2017-06-27,Nucleated,21.0,Gad2-IRES-Cre
5815,2017-06-27,No-Seal,21.0,Gad2-IRES-Cre
5816,2017-06-27,Nucleated,21.0,Gad2-IRES-Cre
5817,2017-06-27,Partial-Nucleus,21.0,Gad2-IRES-Cre
5818,2017-06-27,Partial-Nucleus,21.0,Gad2-IRES-Cre
5819,2017-06-27,Outside-Out,21.0,Gad2-IRES-Cre
5820,2017-06-27,Nucleated,21.0,Gad2-IRES-Cre
5823,2017-06-27,Nucleated,21.0,Gad2-IRES-Cre
5824,2017-06-27,No-Seal,21.0,Gad2-IRES-Cre
5825,2017-06-27,Nucleated,21.0,Gad2-IRES-Cre
5826,2017-06-27,Nucleated,21.0,Gad2-IRES-Cre
5827,2017-06-27,Nucleated,21.0,Gad2-IRES-Cre
5828,2017-06-27,No-Seal,21.0,Gad2-IRES-Cre
5829,2017-06-27,Nucleated,21.0,Gad2-IRES-Cre
5830,2017-06-27,Nucleated,21.0,Gad2-IRES-Cre
5831,2017-06-27,No-Seal,21.0,Gad2-IRES-Cre
5832,2017-06-27,Nucleated,21.0,Gad2-IRES-Cre
5835,2017-06-27,No-Seal,21.0,Gad2-IRES-Cre
5836,2017-06-27,Nucleated,21.0,Gad2-IRES-Cre
5837,2017-06-27,Nucleated,21.0,Gad2-IRES-Cre
5838,2017-06-27,Nucleated,21.0,Gad2-IRES-Cre
5839,2017-06-27,Nucleated,21.0,Gad2-IRES-Cre
5840,2017-06-27,Nucleated,21.0,Gad2-IRES-Cre
5841,2017-06-27,No-Seal,21.0,Gad2-IRES-Cre
5842,2017-06-27,Nucleated,21.0,Gad2-IRES-Cre
5843,2017-06-27,Nucleated,21.0,Gad2-IRES-Cre
5850,2017-06-28,No-Seal,21.0,Slc32a1-IRES-Cre
5851,2017-06-28,Nucleated,21.0,Slc32a1-IRES-Cre
5852,2017-06-28,No-Seal,21.0,Slc32a1-IRES-Cre
5853,2017-06-28,Nucleated,21.0,Slc32a1-IRES-Cre
5854,2017-06-28,No-Seal,21.0,Slc32a1-IRES-Cre
5855,2017-06-28,Nucleated,21.0,Slc32a1-IRES-Cre
5856,2017-06-28,Nucleated,21.0,Slc32a1-IRES-Cre
5857,2017-06-28,Nucleated,21.0,Slc32a1-IRES-Cre
5858,2017-06-28,No-Seal,21.0,Slc32a1-IRES-Cre
5859,2017-06-28,Nucleated,21.0,Slc32a1-IRES-Cre
5862,2017-06-28,Partial-Nucleus,21.0,Slc32a1-IRES-Cre
5863,2017-06-28,No-Seal,21.0,Slc32a1-IRES-Cre
5866,2017-06-28,Nucleated,21.0,Slc32a1-IRES-Cre
5867,2017-06-28,No-Seal,21.0,Slc32a1-IRES-Cre
5868,2017-06-28,Nucleated,21.0,Slc32a1-IRES-Cre
5869,2017-06-28,Nucleated,21.0,Slc32a1-IRES-Cre
5870,2017-06-28,Nucleated,21.0,Slc32a1-IRES-Cre
5871,2017-06-28,Nucleated,21.0,Slc32a1-IRES-Cre
5872,2017-06-28,Nucleated,21.0,Slc32a1-IRES-Cre
5873,2017-06-28,Nucleated,21.0,Slc32a1-IRES-Cre
5874,2017-06-28,Nucleated,21.0,Slc32a1-IRES-Cre
5881,2017-06-29,Nucleated,21.0,Slc32a1-IRES-Cre
5882,2017-06-29,Nucleated,21.0,Slc32a1-IRES-Cre
5883,2017-06-29,Nucleated,21.0,Slc32a1-IRES-Cre
5884,2017-06-29,No-Seal,21.0,Slc32a1-IRES-Cre
5885,2017-06-29,No-Seal,21.0,Slc32a1-IRES-Cre
5886,2017-06-29,No-Seal,21.0,Slc32a1-IRES-Cre
5887,2017-06-29,No-Seal,21.0,Slc32a1-IRES-Cre
5888,2017-06-29,Nucleated,21.0,Slc32a1-IRES-Cre
5891,2017-06-29,Nucleated,21.0,Slc32a1-IRES-Cre
5892,2017-06-29,No-Seal,21.0,Slc32a1-IRES-Cre
5893,2017-06-29,Partial-Nucleus,21.0,Slc32a1-IRES-Cre
5894,2017-06-29,Nucleated,21.0,Slc32a1-IRES-Cre
5895,2017-06-29,Nucleated,21.0,Slc32a1-IRES-Cre
5898,2017-06-29,Nucleated,21.0,Slc32a1-IRES-Cre
5899,2017-06-29,Partial-Nucleus,21.0,Slc32a1-IRES-Cre
5900,2017-06-29,No-Seal,21.0,Slc32a1-IRES-Cre
5901,2017-06-29,No-Seal,21.0,Slc32a1-IRES-Cre
5902,2017-06-29,Partial-Nucleus,21.0,Slc32a1-IRES-Cre
5903,2017-06-29,Partial-Nucleus,21.0,Slc32a1-IRES-Cre
5904,2017-06-29,Nucleated,21.0,Slc32a1-IRES-Cre
5911,2017-06-30,No-Seal,21.0,Slc32a1-IRES-Cre
5912,2017-06-30,No-Seal,21.0,Slc32a1-IRES-Cre
5913,2017-06-30,No-Seal,21.0,Slc32a1-IRES-Cre
5914,2017-06-30,No-Seal,21.0,Slc32a1-IRES-Cre
5917,2017-06-30,Nucleated,21.0,Slc32a1-IRES-Cre
5918,2017-06-30,Partial-Nucleus,21.0,Slc32a1-IRES-Cre
5919,2017-06-30,Nucleated,21.0,Slc32a1-IRES-Cre
5920,2017-06-30,Nucleated,21.0,Slc32a1-IRES-Cre
5969,2017-07-05,No-Seal,21.0,Vip-IRES-Cre
5970,2017-07-05,Nucleated,21.0,Vip-IRES-Cre
5971,2017-07-05,Partial-Nucleus,21.0,Vip-IRES-Cre
5972,2017-07-05,Nucleated,21.0,Vip-IRES-Cre
5973,2017-07-05,Outside-Out,21.0,Vip-IRES-Cre
5974,2017-07-05,No-Seal,21.0,Vip-IRES-Cre
5975,2017-07-05,No-Seal,21.0,Vip-IRES-Cre
5978,2017-07-05,No-Seal,21.0,Vip-IRES-Cre
5979,2017-07-05,No-Seal,21.0,Vip-IRES-Cre
5980,2017-07-05,No-Seal,21.0,Vip-IRES-Cre
5981,2017-07-05,Nucleated,21.0,Vip-IRES-Cre
5982,2017-07-05,Partial-Nucleus,21.0,Vip-IRES-Cre
5983,2017-07-05,Nucleated,21.0,Vip-IRES-Cre
5984,2017-07-05,Nucleated,21.0,Vip-IRES-Cre
5985,2017-07-05,Outside-Out,21.0,Vip-IRES-Cre
5986,2017-07-05,No-Seal,21.0,Vip-IRES-Cre
5987,2017-07-05,Nucleated,21.0,Vip-IRES-Cre
5988,2017-07-05,Nucleated,21.0,Vip-IRES-Cre
5989,2017-07-05,Nucleated,21.0,Vip-IRES-Cre
5992,2017-07-05,Nucleated,21.0,Chrna2-Cre_OE25
5993,2017-07-05,No-Seal,21.0,Chrna2-Cre_OE25
5994,2017-07-05,No-Seal,21.0,Chrna2-Cre_OE25
5995,2017-07-05,Nucleated,21.0,Chrna2-Cre_OE25
5996,2017-07-05,No-Seal,21.0,Chrna2-Cre_OE25
5997,2017-07-05,No-Seal,21.0,Vip-IRES-Cre
5998,2017-07-05,Nucleated,21.0,Vip-IRES-Cre
5999,2017-07-05,Nucleated,21.0,Vip-IRES-Cre
6000,2017-07-05,Nucleated,21.0,Vip-IRES-Cre
6001,2017-07-05,Nucleated,21.0,Vip-IRES-Cre
6002,2017-07-05,No-Seal,21.0,Vip-IRES-Cre
6003,2017-07-05,Nucleated,21.0,Vip-IRES-Cre
6010,2017-07-06,No-Seal,21.0,Chrna2-Cre_OE25
6011,2017-07-06,Outside-Out,21.0,Chrna2-Cre_OE25
6012,2017-07-06,Nucleated,21.0,Chrna2-Cre_OE25
6013,2017-07-06,No-Seal,21.0,Chrna2-Cre_OE25
6014,2017-07-06,Outside-Out,21.0,Chrna2-Cre_OE25
6015,2017-07-06,No-Seal,21.0,Vip-IRES-Cre
6016,2017-07-06,No-Seal,21.0,Vip-IRES-Cre
6017,2017-07-06,Outside-Out,21.0,Vip-IRES-Cre
6018,2017-07-06,Nucleated,21.0,Vip-IRES-Cre
6019,2017-07-06,Nucleated,21.0,Vip-IRES-Cre
6022,2017-07-06,Nucleated,21.0,Vip-IRES-Cre
6023,2017-07-06,Nucleated,21.0,Vip-IRES-Cre
6024,2017-07-06,No-Seal,21.0,Vip-IRES-Cre
6025,2017-07-06,Nucleated,21.0,Vip-IRES-Cre
6026,2017-07-06,Nucleated,21.0,Vip-IRES-Cre
6029,2017-07-06,Nucleated,21.0,Vip-IRES-Cre
6030,2017-07-06,Nucleated,21.0,Vip-IRES-Cre
6031,2017-07-06,Nucleated,21.0,Vip-IRES-Cre
6032,2017-07-06,Nucleated,21.0,Vip-IRES-Cre
6033,2017-07-06,No-Seal,21.0,Vip-IRES-Cre
6034,2017-07-06,No-Seal,21.0,Vip-IRES-Cre
6035,2017-07-06,Nucleated,21.0,Vip-IRES-Cre
6036,2017-07-06,Nucleated,21.0,Vip-IRES-Cre
6043,2017-07-07,Nucleated,21.0,Chrna2-Cre_OE25
6044,2017-07-07,No-Seal,21.0,Chrna2-Cre_OE25
6045,2017-07-07,Nucleated,21.0,Chrna2-Cre_OE25
6046,2017-07-07,Nucleated,21.0,Chrna2-Cre_OE25
6047,2017-07-07,No-Seal,21.0,Chrna2-Cre_OE25
6048,2017-07-07,No-Seal,21.0,Htr3a-Cre_NO152;Pvalb-T2A-Dre
6049,2017-07-07,No-Seal,21.0,Htr3a-Cre_NO152;Pvalb-T2A-Dre
6050,2017-07-07,Outside-Out,21.0,Htr3a-Cre_NO152;Pvalb-T2A-Dre
6053,2017-07-07,Nucleated,21.0,Chrna2-Cre_OE25
6054,2017-07-07,Nucleated,21.0,Chrna2-Cre_OE25
6055,2017-07-07,No-Seal,21.0,Chrna2-Cre_OE25
6056,2017-07-07,Nucleated,21.0,Chrna2-Cre_OE25
6057,2017-07-07,Nucleated,21.0,Chrna2-Cre_OE25
6058,2017-07-07,Nucleated,21.0,Chrna2-Cre_OE25
6059,2017-07-07,Nucleated,21.0,Htr3a-Cre_NO152;Pvalb-T2A-Dre
6060,2017-07-07,Nucleated,21.0,Htr3a-Cre_NO152;Pvalb-T2A-Dre
6061,2017-07-07,Nucleated,21.0,Htr3a-Cre_NO152;Pvalb-T2A-Dre
6064,2017-07-07,No-Seal,21.0,Htr3a-Cre_NO152;Pvalb-T2A-Dre
6065,2017-07-07,No-Seal,21.0,Htr3a-Cre_NO152;Pvalb-T2A-Dre
6066,2017-07-07,Outside-Out,21.0,Htr3a-Cre_NO152;Pvalb-T2A-Dre
6067,2017-07-07,No-Seal,21.0,Htr3a-Cre_NO152;Pvalb-T2A-Dre
6068,2017-07-07,Nucleated,21.0,Htr3a-Cre_NO152;Pvalb-T2A-Dre
6069,2017-07-07,Nucleated,21.0,Htr3a-Cre_NO152;Pvalb-T2A-Dre
6070,2017-07-07,Nucleated,21.0,Htr3a-Cre_NO152;Pvalb-T2A-Dre
6071,2017-07-07,Nucleated,21.0,Htr3a-Cre_NO152;Pvalb-T2A-Dre
6078,2017-07-10,No-Seal,21.0,Sst-IRES-Cre
6079,2017-07-10,No-Seal,21.0,Sst-IRES-Cre
6080,2017-07-10,No-Seal,21.0,Sst-IRES-Cre
6081,2017-07-10,Outside-Out,21.0,Sst-IRES-Cre
6082,2017-07-10,Partial-Nucleus,21.0,Sst-IRES-Cre
6083,2017-07-10,No-Seal,21.0,Sst-IRES-Cre
6084,2017-07-10,Outside-Out,21.0,Sst-IRES-Cre
6085,2017-07-10,Outside-Out,21.0,Sst-IRES-Cre
6086,2017-07-10,No-Seal,21.0,Sst-IRES-Cre
6089,2017-07-10,Nucleated,21.0,Sst-IRES-Cre
6090,2017-07-10,Nucleated,21.0,Sst-IRES-Cre
6091,2017-07-10,Nucleated,21.0,Sst-IRES-Cre
6092,2017-07-10,Nucleated,21.0,Sst-IRES-Cre
6093,2017-07-10,Nucleated,21.0,Sst-IRES-Cre
6094,2017-07-10,Nucleated,21.0,Sst-IRES-Cre
6095,2017-07-10,Partial-Nucleus,21.0,Sst-IRES-Cre
6096,2017-07-10,Nucleated,21.0,Sst-IRES-Cre
6099,2017-07-10,Nucleated,21.0,Sst-IRES-Cre
6100,2017-07-10,Partial-Nucleus,21.0,Sst-IRES-Cre
6101,2017-07-10,No-Seal,21.0,Sst-IRES-Cre
6102,2017-07-10,No-Seal,21.0,Sst-IRES-Cre
6103,2017-07-10,Partial-Nucleus,21.0,Sst-IRES-Cre
6104,2017-07-10,Partial-Nucleus,21.0,Sst-IRES-Cre
6105,2017-07-10,Nucleated,21.0,Sst-IRES-Cre
6106,2017-07-10,Nucleated,21.0,Sst-IRES-Cre
6107,2017-07-10,No-Seal,21.0,Sst-IRES-Cre
6108,2017-07-10,Nucleated,21.0,Sst-IRES-Cre
6115,2017-07-12,No-Seal,21.0,Sst-IRES-Cre
6116,2017-07-12,No-Seal,21.0,Sst-IRES-Cre
6117,2017-07-12,Outside-Out,21.0,Sst-IRES-Cre
6118,2017-07-12,Nucleated,21.0,Sst-IRES-Cre
6119,2017-07-12,Outside-Out,21.0,Sst-IRES-Cre
6120,2017-07-12,Outside-Out,21.0,Sst-IRES-Cre
6121,2017-07-12,Outside-Out,21.0,Sst-IRES-Cre
6122,2017-07-12,No-Seal,21.0,Sst-IRES-Cre
6123,2017-07-12,No-Seal,21.0,Sst-IRES-Cre
6124,2017-07-12,Nucleated,21.0,Sst-IRES-Cre
6127,2017-07-12,Nucleated,21.0,Sst-IRES-Cre
6128,2017-07-12,Nucleated,21.0,Sst-IRES-Cre
6129,2017-07-12,No-Seal,21.0,Sst-IRES-Cre
6130,2017-07-12,Nucleated,21.0,Sst-IRES-Cre
6131,2017-07-12,No-Seal,21.0,Sst-IRES-Cre
6132,2017-07-12,Nucleated,21.0,Sst-IRES-Cre
6133,2017-07-12,No-Seal,21.0,Sst-IRES-Cre
6134,2017-07-12,Nucleated,21.0,Sst-IRES-Cre
6135,2017-07-12,Partial-Nucleus,21.0,Sst-IRES-Cre
6142,2017-07-13,No-Seal,21.0,Sst-IRES-Cre
6143,2017-07-13,Nucleated,21.0,Sst-IRES-Cre
6144,2017-07-13,Outside-Out,21.0,Sst-IRES-Cre
6145,2017-07-13,No-Seal,21.0,Sst-IRES-Cre
6146,2017-07-13,No-Seal,21.0,Sst-IRES-Cre
6147,2017-07-13,No-Seal,21.0,Sst-IRES-Cre
6150,2017-07-13,Nucleated,21.0,Sst-IRES-Cre
6151,2017-07-13,Nucleated,21.0,Sst-IRES-Cre
6152,2017-07-13,Nucleated,21.0,Sst-IRES-Cre
6153,2017-07-13,Nucleated,21.0,Sst-IRES-Cre
6154,2017-07-13,No-Seal,21.0,Sst-IRES-Cre
6155,2017-07-13,No-Seal,21.0,Sst-IRES-Cre
6162,2017-07-14,Outside-Out,21.0,Slc17a8-IRES2-Cre
6163,2017-07-14,No-Seal,21.0,Slc17a8-IRES2-Cre
6164,2017-07-14,Nucleated,21.0,Slc17a8-IRES2-Cre
6165,2017-07-14,Nucleated,21.0,Slc17a8-IRES2-Cre
6166,2017-07-14,No-Seal,21.0,Slc17a8-IRES2-Cre
6169,2017-07-14,No-Seal,21.0,Slc17a8-IRES2-Cre
6170,2017-07-14,Nucleated,21.0,Slc17a8-IRES2-Cre
6171,2017-07-14,Nucleated,21.0,Slc17a8-IRES2-Cre
6172,2017-07-14,Nucleated,21.0,Slc17a8-IRES2-Cre
6173,2017-07-14,Nucleated,21.0,Slc17a8-IRES2-Cre
6176,2017-07-14,Nucleated,21.0,Slc17a8-IRES2-Cre
6177,2017-07-14,Nucleated,21.0,Slc17a8-IRES2-Cre
6178,2017-07-14,Nucleated,21.0,Slc17a8-IRES2-Cre
6179,2017-07-14,Partial-Nucleus,21.0,Slc17a8-IRES2-Cre
6180,2017-07-14,Partial-Nucleus,21.0,Slc17a8-IRES2-Cre
6187,2017-07-17,No-Seal,21.0,Rbp4-Cre_KL100
6188,2017-07-17,Nucleated,21.0,Rbp4-Cre_KL100
6189,2017-07-17,Nucleated,21.0,Rbp4-Cre_KL100
6190,2017-07-17,No-Seal,21.0,Rbp4-Cre_KL100
6191,2017-07-17,No-Seal,21.0,Rbp4-Cre_KL100
6192,2017-07-17,Outside-Out,21.0,Rbp4-Cre_KL100
6193,2017-07-17,Nucleated,21.0,Rbp4-Cre_KL100
6194,2017-07-17,Nucleated,21.0,Rbp4-Cre_KL100
6195,2017-07-17,Nucleated,21.0,Rbp4-Cre_KL100
6196,2017-07-17,Outside-Out,21.0,Rbp4-Cre_KL100
6199,2017-07-17,Nucleated,21.0,Rbp4-Cre_KL100
6200,2017-07-17,Nucleated,21.0,Rbp4-Cre_KL100
6201,2017-07-17,Partial-Nucleus,21.0,Rbp4-Cre_KL100
6202,2017-07-17,Nucleated,21.0,Rbp4-Cre_KL100
6203,2017-07-17,Nucleated,21.0,Rbp4-Cre_KL100
6204,2017-07-17,Nucleated,21.0,Rbp4-Cre_KL100
6205,2017-07-17,Nucleated,21.0,Rbp4-Cre_KL100
6206,2017-07-17,Nucleated,21.0,Rbp4-Cre_KL100
6213,2017-07-18,No-Seal,21.0,Rbp4-Cre_KL100
6214,2017-07-18,Nucleated,21.0,Rbp4-Cre_KL100
6215,2017-07-18,Outside-Out,21.0,Rbp4-Cre_KL100
6216,2017-07-18,Outside-Out,21.0,Rbp4-Cre_KL100
6217,2017-07-18,No-Seal,21.0,Rbp4-Cre_KL100
6218,2017-07-18,Partial-Nucleus,21.0,Rbp4-Cre_KL100
6219,2017-07-18,Outside-Out,21.0,Rbp4-Cre_KL100
6220,2017-07-18,No-Seal,21.0,Rbp4-Cre_KL100
6223,2017-07-18,Nucleated,21.0,Rbp4-Cre_KL100
6224,2017-07-18,No-Seal,21.0,Rbp4-Cre_KL100
6225,2017-07-18,Nucleated,21.0,Rbp4-Cre_KL100
6226,2017-07-18,No-Seal,21.0,Rbp4-Cre_KL100
6229,2017-07-18,Nucleated,21.0,Rbp4-Cre_KL100
6230,2017-07-18,Nucleated,21.0,Rbp4-Cre_KL100
6231,2017-07-18,Nucleated,21.0,Rbp4-Cre_KL100
6238,2017-07-19,No-Seal,21.0,Glt25d2-Cre_NF107
6239,2017-07-19,No-Seal,21.0,Glt25d2-Cre_NF107
6240,2017-07-19,Nucleated,21.0,Glt25d2-Cre_NF107
6241,2017-07-19,Partial-Nucleus,21.0,Rbp4-Cre_KL100
6242,2017-07-19,Nucleated,21.0,Rbp4-Cre_KL100
6243,2017-07-19,Nucleated,21.0,Rbp4-Cre_KL100
6244,2017-07-19,No-Seal,21.0,Rbp4-Cre_KL100
6245,2017-07-19,Nucleated,21.0,Rbp4-Cre_KL100
6246,2017-07-19,Nucleated,21.0,Rbp4-Cre_KL100
6247,2017-07-19,Nucleated,21.0,Rbp4-Cre_KL100
6248,2017-07-19,Nucleated,21.0,Rbp4-Cre_KL100
6251,2017-07-19,Nucleated,21.0,Glt25d2-Cre_NF107
6252,2017-07-19,Nucleated,21.0,Glt25d2-Cre_NF107
6253,2017-07-19,Nucleated,21.0,Glt25d2-Cre_NF107
6254,2017-07-19,Nucleated,21.0,Rbp4-Cre_KL100
6255,2017-07-19,Nucleated,21.0,Rbp4-Cre_KL100
6256,2017-07-19,Nucleated,21.0,Rbp4-Cre_KL100
6257,2017-07-19,Nucleated,21.0,Rbp4-Cre_KL100
6258,2017-07-19,Nucleated,21.0,Rbp4-Cre_KL100
6259,2017-07-19,Nucleated,21.0,Rbp4-Cre_KL100
6260,2017-07-19,Nucleated,21.0,Rbp4-Cre_KL100
6261,2017-07-19,Nucleated,21.0,Rbp4-Cre_KL100
6264,2017-07-19,Nucleated,21.0,Glt25d2-Cre_NF107
6266,2017-07-19,Nucleated,21.0,Rbp4-Cre_KL100
6267,2017-07-19,Nucleated,21.0,Rbp4-Cre_KL100
6274,2017-07-20,Partial-Nucleus,21.0,Glt25d2-Cre_NF107
6275,2017-07-20,Nucleated,21.0,Glt25d2-Cre_NF107
6276,2017-07-20,Nucleated,21.0,Rbp4-Cre_KL100
6277,2017-07-20,Nucleated,21.0,Rbp4-Cre_KL100
6278,2017-07-20,Partial-Nucleus,21.0,Rbp4-Cre_KL100
6279,2017-07-20,Partial-Nucleus,21.0,Rbp4-Cre_KL100
6280,2017-07-20,Nucleated,21.0,Rbp4-Cre_KL100
6281,2017-07-20,Nucleated,21.0,Rbp4-Cre_KL100
6282,2017-07-20,No-Seal,21.0,Rbp4-Cre_KL100
6283,2017-07-20,No-Seal,21.0,Rbp4-Cre_KL100
6286,2017-07-20,No-Seal,21.0,Glt25d2-Cre_NF107
6287,2017-07-20,Nucleated,21.0,Rbp4-Cre_KL100
6288,2017-07-20,Nucleated,21.0,Rbp4-Cre_KL100
6289,2017-07-20,Partial-Nucleus,21.0,Rbp4-Cre_KL100
6290,2017-07-20,No-Seal,21.0,Rbp4-Cre_KL100
6293,2017-07-20,Nucleated,21.0,Glt25d2-Cre_NF107
6294,2017-07-20,Nucleated,21.0,Glt25d2-Cre_NF107
6295,2017-07-20,Nucleated,21.0,Rbp4-Cre_KL100
6296,2017-07-20,Nucleated,21.0,Rbp4-Cre_KL100
6297,2017-07-20,Nucleated,21.0,Rbp4-Cre_KL100
6298,2017-07-20,Nucleated,21.0,Rbp4-Cre_KL100
6299,2017-07-20,Nucleated,21.0,Rbp4-Cre_KL100
6306,2017-07-21,No-Seal,21.0,Cux2-CreERT2
6307,2017-07-21,Nucleated,21.0,Cux2-CreERT2
6308,2017-07-21,No-Seal,21.0,Cux2-CreERT2
6309,2017-07-21,No-Seal,21.0,Cux2-CreERT2
6310,2017-07-21,Nucleated,21.0,Cux2-CreERT2
6311,2017-07-21,Outside-Out,21.0,Cux2-CreERT2
6312,2017-07-21,No-Seal,21.0,Cux2-CreERT2
6313,2017-07-21,Nucleated,21.0,Cux2-CreERT2
6314,2017-07-21,No-Seal,21.0,Cux2-CreERT2
6317,2017-07-21,Nucleated,21.0,Cux2-CreERT2
6318,2017-07-21,No-Seal,21.0,Cux2-CreERT2
6319,2017-07-21,Nucleated,21.0,Cux2-CreERT2
6320,2017-07-21,No-Seal,21.0,Cux2-CreERT2
6321,2017-07-21,Nucleated,21.0,Vipr2-IRES2-Cre-neo
6322,2017-07-21,No-Seal,21.0,Vipr2-IRES2-Cre-neo
6323,2017-07-21,Nucleated,21.0,Cux2-CreERT2
6324,2017-07-21,Nucleated,21.0,Cux2-CreERT2
6327,2017-07-21,Nucleated,21.0,Cux2-CreERT2
6328,2017-07-21,No-Seal,21.0,Cux2-CreERT2
6329,2017-07-21,No-Seal,21.0,Cux2-CreERT2
6330,2017-07-21,Nucleated,21.0,Cux2-CreERT2
6331,2017-07-21,Nucleated,21.0,Vipr2-IRES2-Cre-neo
6332,2017-07-21,Nucleated,21.0,Cux2-CreERT2
6333,2017-07-21,Nucleated,21.0,Cux2-CreERT2
6334,2017-07-21,Nucleated,21.0,Cux2-CreERT2
6341,2017-07-24,Nucleated,21.0,Rbp4-Cre_KL100
6342,2017-07-24,No-Seal,21.0,Rbp4-Cre_KL100
6343,2017-07-24,No-Seal,21.0,Rbp4-Cre_KL100
6344,2017-07-24,No-Seal,21.0,Rbp4-Cre_KL100
6347,2017-07-24,Nucleated,21.0,Rbp4-Cre_KL100
6348,2017-07-24,Partial-Nucleus,21.0,Rbp4-Cre_KL100
6349,2017-07-24,Nucleated,21.0,Rbp4-Cre_KL100
6350,2017-07-24,No-Seal,21.0,Rbp4-Cre_KL100
6351,2017-07-24,No-Seal,21.0,Rbp4-Cre_KL100
6354,2017-07-24,Nucleated,21.0,Rbp4-Cre_KL100
6355,2017-07-24,Nucleated,21.0,Rbp4-Cre_KL100
6356,2017-07-24,Nucleated,21.0,Rbp4-Cre_KL100
6357,2017-07-24,Nucleated,21.0,Rbp4-Cre_KL100
6358,2017-07-24,No-Seal,21.0,Rbp4-Cre_KL100
6359,2017-07-24,Partial-Nucleus,21.0,Rbp4-Cre_KL100
6360,2017-07-24,Nucleated,21.0,Rbp4-Cre_KL100
6367,2017-07-25,No-Seal,21.0,Rbp4-Cre_KL100
6368,2017-07-25,Nucleated,21.0,Rbp4-Cre_KL100
6369,2017-07-25,No-Seal,21.0,Rbp4-Cre_KL100
6370,2017-07-25,Partial-Nucleus,21.0,Rbp4-Cre_KL100
6371,2017-07-25,No-Seal,21.0,Rbp4-Cre_KL100
6372,2017-07-25,No-Seal,21.0,Vip-IRES-Cre
6373,2017-07-25,No-Seal,21.0,Vip-IRES-Cre
6374,2017-07-25,Nucleated,21.0,Vip-IRES-Cre
6375,2017-07-25,No-Seal,21.0,Vip-IRES-Cre
6376,2017-07-25,Nucleated,21.0,Vip-IRES-Cre
6379,2017-07-25,Nucleated,21.0,Rbp4-Cre_KL100
6380,2017-07-25,Nucleated,21.0,Rbp4-Cre_KL100
6381,2017-07-25,Nucleated,21.0,Rbp4-Cre_KL100
6382,2017-07-25,No-Seal,21.0,Rbp4-Cre_KL100
6383,2017-07-25,Nucleated,21.0,Vip-IRES-Cre
6384,2017-07-25,No-Seal,21.0,Vip-IRES-Cre
6385,2017-07-25,Partial-Nucleus,21.0,Vip-IRES-Cre
6386,2017-07-25,Nucleated,21.0,Vip-IRES-Cre
6389,2017-07-25,Nucleated,21.0,Rbp4-Cre_KL100
6390,2017-07-25,Outside-Out,21.0,Rbp4-Cre_KL100
6391,2017-07-25,Nucleated,21.0,Rbp4-Cre_KL100
6392,2017-07-25,Nucleated,21.0,Rbp4-Cre_KL100
6399,2017-07-26,Nucleated,21.0,Rbp4-Cre_KL100
6400,2017-07-26,No-Seal,21.0,Rbp4-Cre_KL100
6401,2017-07-26,Outside-Out,21.0,Rbp4-Cre_KL100
6402,2017-07-26,Nucleated,21.0,Rbp4-Cre_KL100
6403,2017-07-26,Partial-Nucleus,21.0,Rbp4-Cre_KL100
6404,2017-07-26,No-Seal,21.0,Vip-IRES-Cre
6405,2017-07-26,No-Seal,21.0,Vip-IRES-Cre
6406,2017-07-26,Nucleated,21.0,Vip-IRES-Cre
6407,2017-07-26,No-Seal,21.0,Vip-IRES-Cre
6408,2017-07-26,Nucleated,21.0,Vip-IRES-Cre
6411,2017-07-26,Nucleated,21.0,Rbp4-Cre_KL100
6412,2017-07-26,Partial-Nucleus,21.0,Rbp4-Cre_KL100
6413,2017-07-26,No-Seal,21.0,Rbp4-Cre_KL100
6414,2017-07-26,Nucleated,21.0,Rbp4-Cre_KL100
6415,2017-07-26,Nucleated,21.0,Vip-IRES-Cre
6418,2017-07-26,Nucleated,21.0,Rbp4-Cre_KL100
6419,2017-07-26,Nucleated,21.0,Rbp4-Cre_KL100
6420,2017-07-26,Nucleated,21.0,Rbp4-Cre_KL100
6421,2017-07-26,No-Seal,21.0,Rbp4-Cre_KL100
6422,2017-07-26,Nucleated,21.0,Vip-IRES-Cre
6423,2017-07-26,Nucleated,21.0,Vip-IRES-Cre
6424,2017-07-26,Nucleated,21.0,Vip-IRES-Cre
6425,2017-07-26,Partial-Nucleus,21.0,Vip-IRES-Cre
6426,2017-07-26,Partial-Nucleus,21.0,Vip-IRES-Cre
6427,2017-07-26,Nucleated,21.0,Vip-IRES-Cre
6434,2017-07-27,Nucleated,21.0,Vip-IRES-Cre
6435,2017-07-27,Outside-Out,21.0,Vip-IRES-Cre
6436,2017-07-27,Nucleated,21.0,Vip-IRES-Cre
6437,2017-07-27,Nucleated,21.0,Vip-IRES-Cre
6438,2017-07-27,No-Seal,21.0,Vip-IRES-Cre
6439,2017-07-27,No-Seal,21.0,Vip-IRES-Cre
6440,2017-07-27,Outside-Out,21.0,Vip-IRES-Cre
6441,2017-07-27,No-Seal,21.0,Vip-IRES-Cre
6442,2017-07-27,Nucleated,21.0,Vip-IRES-Cre
6443,2017-07-27,No-Seal,21.0,Vip-IRES-Cre
6446,2017-07-27,Nucleated,21.0,Vip-IRES-Cre
6447,2017-07-27,Nucleated,21.0,Vip-IRES-Cre
6448,2017-07-27,Nucleated,21.0,Vip-IRES-Cre
6449,2017-07-27,Nucleated,21.0,Vip-IRES-Cre
6450,2017-07-27,Partial-Nucleus,21.0,Vip-IRES-Cre
6451,2017-07-27,Partial-Nucleus,21.0,Vip-IRES-Cre
6452,2017-07-27,No-Seal,21.0,Vip-IRES-Cre
6453,2017-07-27,Nucleated,21.0,Vip-IRES-Cre
6460,2017-07-28,Outside-Out,21.0,Vip-IRES-Cre
6461,2017-07-28,No-Seal,21.0,Vip-IRES-Cre
6462,2017-07-28,Outside-Out,21.0,Vip-IRES-Cre
6463,2017-07-28,Nucleated,21.0,Vip-IRES-Cre
6464,2017-07-28,No-Seal,21.0,Vip-IRES-Cre
6465,2017-07-28,Nucleated,21.0,Vip-IRES-Cre
6466,2017-07-28,No-Seal,21.0,Vip-IRES-Cre
6467,2017-07-28,No-Seal,21.0,Vip-IRES-Cre
6468,2017-07-28,Outside-Out,21.0,Vip-IRES-Cre
6471,2017-07-28,Partial-Nucleus,21.0,Rbp4-Cre_KL100
6472,2017-07-28,Nucleated,21.0,Rbp4-Cre_KL100
6473,2017-07-28,Nucleated,21.0,Rbp4-Cre_KL100
6474,2017-07-28,Nucleated,21.0,Rbp4-Cre_KL100
6475,2017-07-28,No-Seal,21.0,Rbp4-Cre_KL100
6476,2017-07-28,No-Seal,21.0,Vip-IRES-Cre
6477,2017-07-28,Nucleated,21.0,Vip-IRES-Cre
6478,2017-07-28,Outside-Out,21.0,Vip-IRES-Cre
6479,2017-07-28,No-Seal,21.0,Vip-IRES-Cre
6482,2017-07-28,Nucleated,21.0,Rbp4-Cre_KL100
6483,2017-07-28,No-Seal,21.0,Rbp4-Cre_KL100
6484,2017-07-28,Nucleated,21.0,Vip-IRES-Cre
6485,2017-07-28,No-Seal,21.0,Vip-IRES-Cre
6486,2017-07-28,No-Seal,21.0,Vip-IRES-Cre
6487,2017-07-28,Nucleated,21.0,Vip-IRES-Cre
6488,2017-07-28,No-Seal,21.0,Vip-IRES-Cre
6489,2017-07-28,Nucleated,21.0,Vip-IRES-Cre
6490,2017-07-28,Partial-Nucleus,21.0,Vip-IRES-Cre
6497,2017-07-31,No-Seal,21.0,Ctgf-T2A-dgCre
6498,2017-07-31,No-Seal,21.0,Ctgf-T2A-dgCre
6499,2017-07-31,No-Seal,21.0,Ctgf-T2A-dgCre
6500,2017-07-31,No-Seal,21.0,Nkx2-1-CreERT2
6501,2017-07-31,No-Seal,21.0,Nkx2-1-CreERT2
6502,2017-07-31,No-Seal,21.0,Nkx2-1-CreERT2
6505,2017-07-31,No-Seal,21.0,Ctgf-T2A-dgCre
6506,2017-07-31,No-Seal,21.0,Ctgf-T2A-dgCre
6507,2017-07-31,Nucleated,21.0,Ctgf-T2A-dgCre
6508,2017-07-31,Nucleated,21.0,Ctgf-T2A-dgCre
6509,2017-07-31,No-Seal,21.0,Nkx2-1-CreERT2
6510,2017-07-31,Nucleated,21.0,Nkx2-1-CreERT2
6513,2017-07-31,No-Seal,21.0,Ctgf-T2A-dgCre
6514,2017-07-31,No-Seal,21.0,Ctgf-T2A-dgCre
6515,2017-07-31,No-Seal,21.0,Ctgf-T2A-dgCre
6516,2017-07-31,No-Seal,21.0,Nkx2-1-CreERT2
6517,2017-07-31,Nucleated,21.0,Nkx2-1-CreERT2
6518,2017-07-31,Nucleated,21.0,Nkx2-1-CreERT2
6519,2017-07-31,Nucleated,21.0,Nkx2-1-CreERT2
6526,2017-08-01,No-Seal,21.0,Ctgf-T2A-dgCre
6527,2017-08-01,No-Seal,21.0,Ctgf-T2A-dgCre
6528,2017-08-01,No-Seal,21.0,Ctgf-T2A-dgCre
6529,2017-08-01,No-Seal,21.0,Vipr2-IRES2-Cre;Slc32a1-T2A-FlpO
6530,2017-08-01,Partial-Nucleus,21.0,Vipr2-IRES2-Cre;Slc32a1-T2A-FlpO
6531,2017-08-01,No-Seal,21.0,Vipr2-IRES2-Cre;Slc32a1-T2A-FlpO
6532,2017-08-01,No-Seal,21.0,Vipr2-IRES2-Cre;Slc32a1-T2A-FlpO
6535,2017-08-01,Nucleated,21.0,Ctgf-T2A-dgCre
6536,2017-08-01,Nucleated,21.0,Ctgf-T2A-dgCre
6537,2017-08-01,Nucleated,21.0,Ctgf-T2A-dgCre
6538,2017-08-01,Nucleated,21.0,Ctgf-T2A-dgCre
6539,2017-08-01,No-Seal,21.0,Ctgf-T2A-dgCre
6540,2017-08-01,Nucleated,21.0,Ctgf-T2A-dgCre
6541,2017-08-01,Nucleated,21.0,Vipr2-IRES2-Cre;Slc32a1-T2A-FlpO
6544,2017-08-01,Nucleated,21.0,Ctgf-T2A-dgCre
6545,2017-08-01,No-Seal,21.0,Ctgf-T2A-dgCre
6546,2017-08-01,Partial-Nucleus,21.0,Vipr2-IRES2-Cre;Slc32a1-T2A-FlpO
6547,2017-08-01,No-Seal,21.0,Vipr2-IRES2-Cre;Slc32a1-T2A-FlpO
6548,2017-08-01,No-Seal,21.0,Vipr2-IRES2-Cre;Slc32a1-T2A-FlpO
6549,2017-08-01,No-Seal,21.0,Vipr2-IRES2-Cre;Slc32a1-T2A-FlpO
6556,2017-08-02,Nucleated,21.0,Oxtr-T2A-Cre
6557,2017-08-02,No-Seal,21.0,Oxtr-T2A-Cre
6558,2017-08-02,Nucleated,21.0,Oxtr-T2A-Cre
6561,2017-08-02,No-Seal,21.0,Vipr2-IRES2-Cre;Slc32a1-T2A-FlpO
6562,2017-08-02,Nucleated,21.0,Vipr2-IRES2-Cre;Slc32a1-T2A-FlpO
6563,2017-08-02,Entire-Cell,21.0,Vipr2-IRES2-Cre;Slc32a1-T2A-FlpO
6564,2017-08-02,Nucleated,21.0,Oxtr-T2A-Cre
6565,2017-08-02,No-Seal,21.0,Oxtr-T2A-Cre
6566,2017-08-02,Nucleated,21.0,Oxtr-T2A-Cre
6569,2017-08-02,Nucleated,21.0,Vipr2-IRES2-Cre;Slc32a1-T2A-FlpO
6570,2017-08-02,Partial-Nucleus,21.0,Vipr2-IRES2-Cre;Slc32a1-T2A-FlpO
6577,2017-08-03,Partial-Nucleus,21.0,Vipr2-IRES2-Cre;Slc32a1-T2A-FlpO
6578,2017-08-03,Partial-Nucleus,21.0,Vipr2-IRES2-Cre;Slc32a1-T2A-FlpO
6579,2017-08-03,No-Seal,21.0,Vipr2-IRES2-Cre;Slc32a1-T2A-FlpO
6580,2017-08-03,Nucleated,21.0,Vipr2-IRES2-Cre;Slc32a1-T2A-FlpO
6581,2017-08-03,No-Seal,21.0,Vipr2-IRES2-Cre;Slc32a1-T2A-FlpO
6584,2017-08-03,Partial-Nucleus,21.0,Vipr2-IRES2-Cre;Slc32a1-T2A-FlpO
6585,2017-08-03,Nucleated,21.0,Vipr2-IRES2-Cre;Slc32a1-T2A-FlpO
6589,2017-08-03,Nucleated,21.0,Vipr2-IRES2-Cre;Slc32a1-T2A-FlpO
6590,2017-08-03,Nucleated,21.0,Vipr2-IRES2-Cre;Slc32a1-T2A-FlpO
6591,2017-08-03,Nucleated,21.0,Vipr2-IRES2-Cre;Slc32a1-T2A-FlpO
6596,2017-08-04,No-Seal,21.0,Ctgf-T2A-dgCre
6597,2017-08-04,No-Seal,21.0,Ctgf-T2A-dgCre
6600,2017-08-04,Nucleated,21.0,Ctgf-T2A-dgCre
6607,2017-08-07,No-Seal,21.0,Vipr2-IRES2-Cre;Slc32a1-T2A-FlpO
6608,2017-08-07,No-Seal,21.0,Vipr2-IRES2-Cre;Slc32a1-T2A-FlpO
6609,2017-08-07,Nucleated,21.0,Vipr2-IRES2-Cre;Slc32a1-T2A-FlpO
6610,2017-08-07,No-Seal,21.0,Pvalb-IRES-Cre
6611,2017-08-07,No-Seal,21.0,Pvalb-IRES-Cre
6612,2017-08-07,No-Seal,21.0,Pvalb-IRES-Cre
6615,2017-08-07,Partial-Nucleus,21.0,Vipr2-IRES2-Cre;Slc32a1-T2A-FlpO
6616,2017-08-07,No-Seal,21.0,Vipr2-IRES2-Cre;Slc32a1-T2A-FlpO
6617,2017-08-07,No-Seal,21.0,Vipr2-IRES2-Cre;Slc32a1-T2A-FlpO
6618,2017-08-07,No-Seal,21.0,Vipr2-IRES2-Cre;Slc32a1-T2A-FlpO
6619,2017-08-07,Outside-Out,21.0,Vipr2-IRES2-Cre;Slc32a1-T2A-FlpO
6620,2017-08-07,Partial-Nucleus,21.0,Pvalb-IRES-Cre
6623,2017-08-07,Nucleated,21.0,Vipr2-IRES2-Cre;Slc32a1-T2A-FlpO
6624,2017-08-07,No-Seal,21.0,Vipr2-IRES2-Cre;Slc32a1-T2A-FlpO
6625,2017-08-07,Nucleated,21.0,Pvalb-IRES-Cre
6626,2017-08-07,No-Seal,21.0,Pvalb-IRES-Cre
6627,2017-08-07,No-Seal,21.0,Vipr2-IRES2-Cre;Slc32a1-T2A-FlpO
6630,2017-08-07,No-Seal,21.0,Pvalb-IRES-Cre
6631,2017-08-07,Nucleated,21.0,Pvalb-IRES-Cre
6632,2017-08-07,No-Seal,21.0,Pvalb-IRES-Cre
6633,2017-08-07,Partial-Nucleus,21.0,Vipr2-IRES2-Cre;Slc32a1-T2A-FlpO
6634,2017-08-07,Nucleated,21.0,Vipr2-IRES2-Cre;Slc32a1-T2A-FlpO
6635,2017-08-07,Partial-Nucleus,21.0,Vipr2-IRES2-Cre;Slc32a1-T2A-FlpO
6642,2017-08-08,Outside-Out,21.0,Gad2-IRES-Cre
6643,2017-08-08,Nucleated,21.0,Gad2-IRES-Cre
6644,2017-08-08,Nucleated,21.0,Gad2-IRES-Cre
6645,2017-08-08,No-Seal,21.0,Vipr2-IRES2-Cre;Slc32a1-T2A-FlpO
6646,2017-08-08,Nucleated,21.0,Vipr2-IRES2-Cre;Slc32a1-T2A-FlpO
6647,2017-08-08,No-Seal,21.0,Pvalb-IRES-Cre
6648,2017-08-08,No-Seal,21.0,Pvalb-IRES-Cre
6651,2017-08-08,No-Seal,21.0,Gad2-IRES-Cre
6652,2017-08-08,No-Seal,21.0,Gad2-IRES-Cre
6653,2017-08-08,No-Seal,21.0,Gad2-IRES-Cre
6654,2017-08-08,No-Seal,21.0,Gad2-IRES-Cre
6655,2017-08-08,Nucleated,21.0,Vipr2-IRES2-Cre;Slc32a1-T2A-FlpO
6656,2017-08-08,Partial-Nucleus,21.0,Vipr2-IRES2-Cre;Slc32a1-T2A-FlpO
6657,2017-08-08,No-Seal,21.0,Vipr2-IRES2-Cre;Slc32a1-T2A-FlpO
6658,2017-08-08,Nucleated,21.0,Pvalb-IRES-Cre
6659,2017-08-08,No-Seal,21.0,Pvalb-IRES-Cre
6662,2017-08-08,Partial-Nucleus,21.0,Gad2-IRES-Cre
6663,2017-08-08,Nucleated,21.0,Gad2-IRES-Cre
6664,2017-08-08,No-Seal,21.0,Gad2-IRES-Cre
6665,2017-08-08,No-Seal,21.0,Pvalb-IRES-Cre
6666,2017-08-08,Nucleated,21.0,Pvalb-IRES-Cre
6667,2017-08-08,No-Seal,21.0,Pvalb-IRES-Cre
6668,2017-08-08,No-Seal,21.0,Pvalb-IRES-Cre
6669,2017-08-08,No-Seal,21.0,Pvalb-IRES-Cre
6672,2017-08-08,Partial-Nucleus,21.0,Vipr2-IRES2-Cre;Slc32a1-T2A-FlpO
6674,2017-08-08,Partial-Nucleus,21.0,Vipr2-IRES2-Cre;Slc32a1-T2A-FlpO
6675,2017-08-08,Partial-Nucleus,21.0,Vipr2-IRES2-Cre;Slc32a1-T2A-FlpO
6676,2017-08-08,No-Seal,21.0,Vipr2-IRES2-Cre;Slc32a1-T2A-FlpO
6678,2017-08-08,Partial-Nucleus,21.0,Vipr2-IRES2-Cre;Slc32a1-T2A-FlpO
6679,2017-08-08,Partial-Nucleus,21.0,Vipr2-IRES2-Cre;Slc32a1-T2A-FlpO
6680,2017-08-08,Nucleated,21.0,Vipr2-IRES2-Cre;Slc32a1-T2A-FlpO
6687,2017-08-09,No-Seal,21.0,Gad2-IRES-Cre
6688,2017-08-09,No-Seal,21.0,Gad2-IRES-Cre
6689,2017-08-09,Outside-Out,21.0,Gad2-IRES-Cre
6690,2017-08-09,No-Seal,21.0,Vipr2-IRES2-Cre;Slc32a1-T2A-FlpO
6691,2017-08-09,No-Seal,21.0,Vipr2-IRES2-Cre;Slc32a1-T2A-FlpO
6692,2017-08-09,Nucleated,21.0,Gad2-IRES-Cre
6693,2017-08-09,Nucleated,21.0,Gad2-IRES-Cre
6696,2017-08-09,No-Seal,21.0,Gad2-IRES-Cre
6697,2017-08-09,Nucleated,21.0,Gad2-IRES-Cre
6698,2017-08-09,Nucleated,21.0,Gad2-IRES-Cre
6699,2017-08-09,Nucleated,21.0,Gad2-IRES-Cre
6700,2017-08-09,Nucleated,21.0,Vipr2-IRES2-Cre;Slc32a1-T2A-FlpO
6701,2017-08-09,Nucleated,21.0,Vipr2-IRES2-Cre;Slc32a1-T2A-FlpO
6702,2017-08-09,No-Seal,21.0,Vipr2-IRES2-Cre;Slc32a1-T2A-FlpO
6703,2017-08-09,Partial-Nucleus,21.0,Gad2-IRES-Cre
6704,2017-08-09,Nucleated,21.0,Gad2-IRES-Cre
6707,2017-08-09,No-Seal,21.0,Gad2-IRES-Cre
6708,2017-08-09,No-Seal,21.0,Gad2-IRES-Cre
6709,2017-08-09,No-Seal,21.0,Gad2-IRES-Cre
6710,2017-08-09,Nucleated,21.0,Gad2-IRES-Cre
6711,2017-08-09,No-Seal,21.0,Vipr2-IRES2-Cre;Slc32a1-T2A-FlpO
6712,2017-08-09,Entire-Cell,21.0,Vipr2-IRES2-Cre;Slc32a1-T2A-FlpO
6713,2017-08-09,Outside-Out,21.0,Gad2-IRES-Cre
6720,2017-08-10,No-Seal,21.0,Pvalb-IRES-Cre
6721,2017-08-10,No-Seal,21.0,Pvalb-IRES-Cre
6722,2017-08-10,No-Seal,21.0,Pvalb-IRES-Cre
6723,2017-08-10,No-Seal,21.0,Pvalb-IRES-Cre
6724,2017-08-10,No-Seal,21.0,Gad2-IRES-Cre
6725,2017-08-10,No-Seal,21.0,Gad2-IRES-Cre
6726,2017-08-10,No-Seal,21.0,Gad2-IRES-Cre
6727,2017-08-10,No-Seal,21.0,Gad2-IRES-Cre
6730,2017-08-10,Nucleated,21.0,Pvalb-IRES-Cre
6731,2017-08-10,Nucleated,21.0,Pvalb-IRES-Cre
6732,2017-08-10,No-Seal,21.0,Pvalb-IRES-Cre
6733,2017-08-10,Nucleated,21.0,Gad2-IRES-Cre
6734,2017-08-10,No-Seal,21.0,Gad2-IRES-Cre
6735,2017-08-10,No-Seal,21.0,Gad2-IRES-Cre
6742,2017-08-11,Partial-Nucleus,21.0,Vipr2-IRES2-Cre;Pvalb-T2A-FlpO
6743,2017-08-11,No-Seal,21.0,Vipr2-IRES2-Cre;Pvalb-T2A-FlpO
6750,2017-08-16,Nucleated,21.0,Ndnf-IRES2-dgCre
6751,2017-08-16,Nucleated,21.0,Ndnf-IRES2-dgCre
6752,2017-08-16,No-Seal,21.0,Ndnf-IRES2-dgCre
6753,2017-08-16,Nucleated,21.0,Ndnf-IRES2-dgCre
6754,2017-08-16,No-Seal,21.0,Ndnf-IRES2-dgCre
6761,2017-08-17,Partial-Nucleus,21.0,Ctgf-T2A-dgCre
6762,2017-08-17,Partial-Nucleus,21.0,Ctgf-T2A-dgCre
6763,2017-08-17,Nucleated,21.0,Ctgf-T2A-dgCre
6764,2017-08-17,Nucleated,21.0,Ctgf-T2A-dgCre
6765,2017-08-17,Nucleated,21.0,Ctgf-T2A-dgCre
6772,2017-08-18,Nucleated,21.0,Ctgf-T2A-dgCre
6773,2017-08-18,No-Seal,21.0,Ndnf-IRES2-dgCre
6774,2017-08-18,No-Seal,21.0,Ndnf-IRES2-dgCre
6775,2017-08-18,Nucleated,21.0,Ndnf-IRES2-dgCre
6776,2017-08-18,Nucleated,21.0,Ndnf-IRES2-dgCre
6784,2017-08-21,Nucleated,21.0,Vip-IRES-Cre
6785,2017-08-21,Nucleated,21.0,Vip-IRES-Cre
6786,2017-08-21,No-Seal,21.0,Vip-IRES-Cre
6787,2017-08-21,No-Seal,21.0,Vip-IRES-Cre
6788,2017-08-21,Partial-Nucleus,21.0,Vip-IRES-Cre
6789,2017-08-23,No-Seal,21.0,Chat-IRES-Cre-neo
6790,2017-08-23,No-Seal,21.0,Chat-IRES-Cre-neo
6791,2017-08-23,Partial-Nucleus,21.0,Chat-IRES-Cre-neo
6792,2017-08-23,Partial-Nucleus,21.0,Chat-IRES-Cre-neo
6793,2017-08-23,Nucleated,21.0,Scnn1a-Tg3-Cre
6794,2017-08-23,Nucleated,21.0,Scnn1a-Tg3-Cre
6795,2017-08-23,Partial-Nucleus,21.0,Scnn1a-Tg3-Cre
6796,2017-08-23,No-Seal,21.0,Scnn1a-Tg3-Cre
6803,2017-08-24,No-Seal,21.0,Chrna2-Cre_OE25
6804,2017-08-24,Nucleated,21.0,Chrna2-Cre_OE25
6805,2017-08-24,Nucleated,21.0,Chrna2-Cre_OE25
6806,2017-08-24,No-Seal,21.0,Chat-IRES-Cre-neo
6807,2017-08-24,Nucleated,21.0,Chat-IRES-Cre-neo
6810,2017-08-24,Partial-Nucleus,21.0,Chrna2-Cre_OE25
6811,2017-08-24,Nucleated,21.0,Chrna2-Cre_OE25
6812,2017-08-24,Nucleated,21.0,Chrna2-Cre_OE25
6813,2017-08-24,Nucleated,21.0,Chat-IRES-Cre-neo
6814,2017-08-24,Nucleated,21.0,Chat-IRES-Cre-neo
6815,2017-08-24,Partial-Nucleus,21.0,Chat-IRES-Cre-neo
6822,2017-08-25,Nucleated,21.0,Chrna2-Cre_OE25
6823,2017-08-25,No-Seal,21.0,Chrna2-Cre_OE25
6824,2017-08-25,Nucleated,21.0,Chrna2-Cre_OE25
6825,2017-08-25,Entire-Cell,21.0,Chat-IRES-Cre-neo
6826,2017-08-25,Partial-Nucleus,21.0,Chat-IRES-Cre-neo
6827,2017-08-25,No-Seal,21.0,Chat-IRES-Cre-neo
