,User,SM_QC_PF,post patch class
2187,P1,pass,Nucleated
2395,P1,pass,Nucleated
2400,P2,fail,Nucleated
2402,P2,pass,Nucleated
2403,P2,pass,Nucleated
2408,P4,fail,Nucleated
2409,P4,pass,Nucleated
2410,P4,pass,Nucleated
2411,P4,pass,Nucleated
2431,P4,pass,Nucleated
2642,P4,pass,Nucleated
2680,P4,pass,Nucleated
2732,P4,pass,Nucleated
2999,P2,pass,Nucleated
3015,P4,pass,Nucleated
3045,P4,pass,Nucleated
3135,P4,fail,Nucleated
3271,P1,pass,Nucleated
3301,P2,pass,Nucleated
3311,P1,pass,Nucleated
3312,P1,pass,Nucleated
3339,P1,pass,Nucleated
3343,P2,pass,Nucleated
3345,P2,pass,Nucleated
3347,P2,pass,Nucleated
3366,P2,pass,Nucleated
3367,P2,pass,Nucleated
3390,P2,pass,Nucleated
3391,P2,pass,Nucleated
3394,P2,pass,Nucleated
3441,P1,pass,Nucleated
3444,P1,pass,Nucleated
3480,P1,fail,Nucleated
3487,P2,pass,Nucleated
3488,P2,pass,Nucleated
3519,P2,pass,Nucleated
3520,P2,pass,Nucleated
3597,P2,fail,Nucleated
3601,P6,fail,Nucleated
3602,P6,fail,Nucleated
3613,P1,pass,Nucleated
3637,P1,pass,Nucleated
3694,P2,fail,Nucleated
3732,P6,fail,Nucleated
3733,P6,fail,Nucleated
3810,P1,pass,Nucleated
3813,P2,pass,Nucleated
3819,P2,fail,Nucleated
3836,P2,fail,Nucleated
3856,P1,fail,Nucleated
3857,P1,pass,Nucleated
3859,P1,fail,Nucleated
3867,P2,fail,Nucleated
4799,P1,pass,Nucleated
4802,P1,pass,Nucleated
4803,P1,pass,Nucleated
4813,P1,pass,Nucleated
4826,P1,pass,Nucleated
4827,P1,pass,Nucleated
4841,P2,pass,Nucleated
4842,P2,pass,Nucleated
4843,P2,pass,Nucleated
4847,P6,fail,Nucleated
4849,P6,fail,Nucleated
4868,P1,fail,Nucleated
4872,P2,pass,Nucleated
4875,P2,fail,Nucleated
4877,P2,fail,Nucleated
4880,P2,pass,Nucleated
4884,P6,fail,Nucleated
4888,P6,pass,Nucleated
5022,P1,pass,Nucleated
5026,P2,pass,Nucleated
5027,P2,pass,Nucleated
5035,P2,pass,Nucleated
5045,P1,pass,Nucleated
5051,P1,pass,Nucleated
5058,P2,pass,Nucleated
5063,P2,pass,Nucleated
5073,P1,pass,Nucleated
5084,P2,pass,Nucleated
5085,P2,pass,Nucleated
5089,P2,pass,Nucleated
5111,P2,pass,Nucleated
5114,P2,pass,Nucleated
5117,P2,pass,Nucleated
5134,P1,pass,Nucleated
5146,P2,pass,Nucleated
5154,P1,pass,Nucleated
5164,P2,pass,Nucleated
5166,P2,pass,Nucleated
5184,P2,pass,Nucleated
5185,P2,pass,Nucleated
5186,P2,pass,Nucleated
5189,P2,pass,Nucleated
5192,P2,pass,Nucleated
5196,P6,fail,Nucleated
5198,P6,pass,Nucleated
5199,P6,pass,Nucleated
5200,P6,pass,Nucleated
5204,P6,pass,Nucleated
5212,P1,pass,Nucleated
5213,P1,pass,Nucleated
5215,P1,pass,Nucleated
5220,P1,fail,Nucleated
5225,P2,pass,Nucleated
5226,P2,pass,Nucleated
5229,P2,pass,Nucleated
5230,P2,pass,Nucleated
5233,P2,pass,Nucleated
5234,P2,pass,Nucleated
5235,P2,pass,Nucleated
5238,P6,pass,Nucleated
5250,P1,pass,Nucleated
5251,P1,pass,Nucleated
5263,P2,pass,Nucleated
5276,P6,pass,Nucleated
5277,P6,pass,Nucleated
5287,P1,pass,Nucleated
5289,P1,pass,Nucleated
5290,P1,pass,Nucleated
5291,P1,pass,Nucleated
5295,P2,pass,Nucleated
5296,P2,pass,Nucleated
5298,P2,pass,Nucleated
5315,P1,fail,Nucleated
5318,P1,pass,Nucleated
5319,P1,pass,Nucleated
5320,P1,pass,Nucleated
5331,P2,pass,Nucleated
5334,P2,pass,Nucleated
5347,P1,pass,Nucleated
5351,P1,pass,Nucleated
5358,P2,pass,Nucleated
5360,P2,pass,Nucleated
5361,P2,pass,Nucleated
5363,P2,pass,Nucleated
5370,P6,pass,Nucleated
5372,P6,pass,Nucleated
5381,P1,pass,Nucleated
5384,P1,pass,Nucleated
5386,P1,pass,Nucleated
5390,P2,pass,Nucleated
5391,P2,pass,Nucleated
5392,P2,pass,Nucleated
5393,P2,pass,Nucleated
5394,P2,pass,Nucleated
5395,P2,pass,Nucleated
5397,P2,pass,Nucleated
5411,P1,pass,Nucleated
5412,P1,pass,Nucleated
5414,P1,pass,Nucleated
5417,P2,pass,Nucleated
5418,P2,pass,Nucleated
5421,P2,pass,Nucleated
5422,P2,pass,Nucleated
5425,P2,pass,Nucleated
5426,P2,pass,Nucleated
5439,P1,fail,Nucleated
5445,P2,pass,Nucleated
5447,P2,pass,Nucleated
5449,P2,pass,Nucleated
5511,P1,pass,Nucleated
5512,P1,pass,Nucleated
5523,P2,pass,Nucleated
5524,P2,pass,Nucleated
5525,P2,pass,Nucleated
5526,P2,pass,Nucleated
5527,P2,pass,Nucleated
5533,P6,pass,Nucleated
5534,P6,pass,Nucleated
5537,P6,pass,Nucleated
5538,P6,pass,Nucleated
5539,P6,pass,Nucleated
5548,P1,pass,Nucleated
5549,P1,pass,Nucleated
5552,P1,pass,Nucleated
5553,P1,pass,Nucleated
5558,P2,pass,Nucleated
5563,P2,pass,Nucleated
5570,P1,pass,Nucleated
5572,P1,pass,Nucleated
5573,P1,pass,Nucleated
5574,P1,pass,Nucleated
5578,P6,fail,Nucleated
5586,P1,pass,Nucleated
5587,P1,pass,Nucleated
5588,P1,pass,Nucleated
5601,P2,pass,Nucleated
5602,P2,pass,Nucleated
5603,P2,pass,Nucleated
5605,P2,pass,Nucleated
5606,P2,pass,Nucleated
5620,P6,pass,Nucleated
5621,P6,pass,Nucleated
5622,P6,pass,Nucleated
5626,P1,pass,Nucleated
5627,P1,pass,Nucleated
5628,P1,pass,Nucleated
5629,P1,fail,Nucleated
5631,P1,pass,Nucleated
5632,P1,pass,Nucleated
5633,P1,pass,Nucleated
5643,P2,pass,Nucleated
5644,P2,pass,Nucleated
5645,P2,pass,Nucleated
5647,P2,pass,Nucleated
5654,P1,pass,Nucleated
5655,P1,pass,Nucleated
5657,P1,fail,Nucleated
5659,P1,pass,Nucleated
5660,P1,pass,Nucleated
5661,P1,pass,Nucleated
5663,P1,pass,Nucleated
5667,P2,pass,Nucleated
5669,P2,pass,Nucleated
5674,P2,pass,Nucleated
5675,P2,pass,Nucleated
5686,P1,pass,Nucleated
5688,P1,fail,Nucleated
5693,P2,pass,Nucleated
5700,P1,pass,Nucleated
5702,P1,fail,Nucleated
5703,P1,pass,Nucleated
5704,P1,pass,Nucleated
5705,P1,pass,Nucleated
5706,P1,pass,Nucleated
5707,P1,pass,Nucleated
5711,P2,pass,Nucleated
5712,P2,pass,Nucleated
5714,P2,pass,Nucleated
5716,P2,pass,Nucleated
5718,P2,pass,Nucleated
5719,P2,pass,Nucleated
5737,P1,pass,Nucleated
5745,P2,pass,Nucleated
5754,P1,pass,Nucleated
5755,P1,pass,Nucleated
5762,P2,pass,Nucleated
5765,P2,pass,Nucleated
5785,P1,pass,Nucleated
5812,P1,pass,Nucleated
5815,P1,pass,Nucleated
5816,P1,pass,Nucleated
5822,P2,pass,Nucleated
5823,P2,pass,Nucleated
5824,P2,pass,Nucleated
5825,P2,pass,Nucleated
5826,P2,pass,Nucleated
5828,P2,pass,Nucleated
5829,P2,pass,Nucleated
5842,P1,pass,Nucleated
5843,P1,pass,Nucleated
5844,P1,pass,Nucleated
5848,P1,pass,Nucleated
5850,P1,pass,Nucleated
5858,P8,pass,Nucleated
5863,P1,pass,Nucleated
5864,P1,pass,Nucleated
5867,P8,pass,Nucleated
5868,P8,pass,Nucleated
5886,P1,pass,Nucleated
5887,P1,pass,Nucleated
5890,P1,pass,Nucleated
5900,P8,pass,Nucleated
5907,P1,pass,Nucleated
5908,P1,pass,Nucleated
5909,P1,pass,Nucleated
5910,P1,pass,Nucleated
5911,P1,pass,Nucleated
5914,P1,pass,Nucleated
5921,P8,fail,Nucleated
5926,P2,pass,Nucleated
5927,P2,pass,Nucleated
5928,P2,pass,Nucleated
5929,P2,pass,Nucleated
5942,P1,pass,Nucleated
5943,P1,pass,Nucleated
5946,P8,pass,Nucleated
5954,P2,pass,Nucleated
5956,P2,pass,Nucleated
5957,P2,pass,Nucleated
5964,P1,pass,Nucleated
5967,P1,pass,Nucleated
5968,P1,pass,Nucleated
5969,P1,pass,Nucleated
5970,P1,pass,Nucleated
5974,P8,pass,Nucleated
5977,P8,pass,Nucleated
5978,P8,pass,Nucleated
5980,P8,pass,Nucleated
5984,P2,pass,Nucleated
5987,P2,pass,Nucleated
5988,P2,pass,Nucleated
5989,P2,pass,Nucleated
5997,P1,fail,Nucleated
5998,P1,pass,Nucleated
5999,P1,pass,Nucleated
6000,P1,pass,Nucleated
6001,P1,pass,Nucleated
6002,P1,pass,Nucleated
6004,P1,fail,Nucleated
6006,P1,pass,Nucleated
6007,P1,pass,Nucleated
6011,P8,pass,Nucleated
6012,P8,pass,Nucleated
6013,P8,pass,Nucleated
6014,P8,pass,Nucleated
6015,P8,pass,Nucleated
6016,P8,pass,Nucleated
6017,P8,pass,Nucleated
6025,P2,pass,Nucleated
6026,P2,fail,Nucleated
6027,P2,pass,Nucleated
6028,P2,pass,Nucleated
6029,P2,pass,Nucleated
6030,P2,pass,Nucleated
6031,P2,pass,Nucleated
6032,P2,pass,Nucleated
6033,P2,pass,Nucleated
6040,P1,pass,Nucleated
6047,P8,pass,Nucleated
6051,P8,pass,Nucleated
6052,P8,pass,Nucleated
6054,P8,pass,Nucleated
6055,P8,pass,Nucleated
6062,P1,pass,Nucleated
6064,P1,pass,Nucleated
6074,P8,pass,Nucleated
6076,P8,pass,Nucleated
6077,P8,pass,Nucleated
6078,P8,pass,Nucleated
6080,P8,pass,Nucleated
6081,P8,pass,Nucleated
6083,P8,pass,Nucleated
6087,P2,pass,Nucleated
6088,P2,pass,Nucleated
6089,P2,pass,Nucleated
6090,P2,pass,Nucleated
6091,P2,pass,Nucleated
6093,P2,pass,Nucleated
6094,P2,pass,Nucleated
6106,P1,pass,Nucleated
6108,P1,pass,Nucleated
6110,P1,pass,Nucleated
6117,P8,pass,Nucleated
6119,P8,pass,Nucleated
6120,P8,pass,Nucleated
6121,P8,pass,Nucleated
6122,P8,pass,Nucleated
6123,P8,pass,Nucleated
6124,P8,pass,Nucleated
6125,P8,fail,Nucleated
6132,P1,pass,Nucleated
6134,P1,pass,Nucleated
6142,P2,pass,Nucleated
6145,P2,pass,Nucleated
6146,P2,pass,Nucleated
6149,P8,fail,Nucleated
6155,P8,fail,Nucleated
6168,P8,pass,Nucleated
6170,P8,pass,Nucleated
6171,P8,pass,Nucleated
6172,P8,smarter_fail,Nucleated
6173,P8,smarter_fail,Nucleated
6174,P8,smarter_fail,Nucleated
6184,P1,smarter_fail,Nucleated
6192,P2,smarter_fail,Nucleated
6193,P2,smarter_fail,Nucleated
6195,P2,smarter_fail,Nucleated
6196,P2,smarter_fail,Nucleated
6197,P2,smarter_fail,Nucleated
6198,P2,smarter_fail,Nucleated
6203,P8,smarter_fail,Nucleated
6205,P8,smarter_fail,Nucleated
6207,P8,smarter_fail,Nucleated
6218,P1,smarter_fail,Nucleated
6221,P1,fail,Nucleated
6223,P1,pass,Nucleated
6232,P2,pass,Nucleated
6234,P2,pass,Nucleated
6235,P2,pass,Nucleated
6238,P2,pass,Nucleated
6239,P2,pass,Nucleated
6240,P2,pass,Nucleated
6243,P8,pass,Nucleated
6246,P8,pass,Nucleated
6249,P8,pass,Nucleated
6250,P8,pass,Nucleated
6251,P8,pass,Nucleated
6252,P8,pass,Nucleated
6254,P8,pass,Nucleated
6263,P1,pass,Nucleated
6269,P1,pass,Nucleated
6270,P1,pass,Nucleated
6273,P2,pass,Nucleated
6274,P2,pass,Nucleated
6276,P2,pass,Nucleated
6277,P2,pass,Nucleated
6280,P8,pass,Nucleated
6281,P8,pass,Nucleated
6282,P8,pass,Nucleated
6283,P8,pass,Nucleated
6286,P8,pass,Nucleated
6287,P8,pass,Nucleated
6294,P1,pass,Nucleated
6296,P1,pass,Nucleated
6297,P1,pass,Nucleated
6304,P2,pass,Nucleated
6305,P2,pass,Nucleated
6307,P2,pass,Nucleated
6308,P2,pass,Nucleated
6309,P2,pass,Nucleated
6310,P2,pass,Nucleated
6311,P2,pass,Nucleated
6312,P2,pass,Nucleated
6319,P8,pass,Nucleated
6320,P8,pass,Nucleated
6321,P8,pass,Nucleated
6322,P8,pass,Nucleated
6340,P2,pass,Nucleated
6341,P2,pass,Nucleated
6342,P2,pass,Nucleated
6343,P2,pass,Nucleated
6344,P2,pass,Nucleated
6345,P2,pass,Nucleated
6347,P2,pass,Nucleated
6350,P8,pass,Nucleated
6356,P8,fail,Nucleated
6357,P8,fail,Nucleated
6359,P8,fail,Nucleated
6369,P1,fail,Nucleated
6375,P1,fail,Nucleated
6378,P8,pass,Nucleated
6379,P8,pass,Nucleated
6381,P8,pass,Nucleated
6383,P8,pass,Nucleated
6385,P8,pass,Nucleated
6394,P1,pass,Nucleated
6401,P8,pass,Nucleated
6402,P8,pass,Nucleated
6403,P8,pass,Nucleated
6404,P8,pass,Nucleated
6415,P1,pass,Nucleated
6416,P1,pass,Nucleated
6421,P2,pass,Nucleated
6422,P2,pass,Nucleated
6423,P2,pass,Nucleated
6424,P2,pass,Nucleated
6427,P8,pass,Nucleated
6428,P8,pass,Nucleated
6429,P8,pass,Nucleated
6439,P1,pass,Nucleated
6440,P1,pass,Nucleated
6444,P1,pass,Nucleated
6445,P1,pass,Nucleated
6446,P1,pass,Nucleated
6450,P8,pass,Nucleated
6451,P8,pass,Nucleated
6453,P8,pass,Nucleated
6454,P8,fail,Nucleated
6455,P8,pass,Nucleated
6456,P8,fail,Nucleated
6457,P8,fail,Nucleated
6465,P1,pass,Nucleated
6474,P2,pass,Nucleated
6476,P2,pass,Nucleated
6480,P8,pass,Nucleated
6481,P8,pass,Nucleated
6482,P8,pass,Nucleated
6493,P1,pass,Nucleated
6494,P1,pass,Nucleated
6496,P1,pass,Nucleated
6497,P1,pass,Nucleated
6498,P1,pass,Nucleated
6499,P1,pass,Nucleated
6502,P2,pass,Nucleated
6503,P2,pass,Nucleated
6504,P2,pass,Nucleated
6505,P2,pass,Nucleated
6506,P2,pass,Nucleated
6507,P2,pass,Nucleated
6508,P2,pass,Nucleated
6509,P2,pass,Nucleated
6510,P2,pass,Nucleated
6511,P2,pass,Nucleated
6512,P2,pass,Nucleated
6515,P8,fail,Nucleated
6517,P8,pass,Nucleated
6518,P8,fail,Nucleated
6527,P1,pass,Nucleated
6528,P1,pass,Nucleated
6531,P1,pass,Nucleated
6532,P1,pass,Nucleated
6538,P2,pass,Nucleated
6539,P2,pass,Nucleated
6544,P8,pass,Nucleated
6545,P8,pass,Nucleated
6546,P8,pass,Nucleated
6547,P8,pass,Nucleated
6548,P8,pass,Nucleated
6549,P8,pass,Nucleated
6550,P8,pass,Nucleated
6558,P1,pass,Nucleated
6561,P1,pass,Nucleated
6564,P1,pass,Nucleated
6568,P2,pass,Nucleated
6570,P2,pass,Nucleated
6572,P2,pass,Nucleated
6574,P2,pass,Nucleated
6575,P2,pass,Nucleated
6578,P8,pass,Nucleated
6581,P8,pass,Nucleated
6582,P8,pass,Nucleated
6583,P8,pass,Nucleated
6584,P8,pass,Nucleated
6585,P8,pass,Nucleated
6592,P1,pass,Nucleated
6598,P2,pass,Nucleated
6600,P2,pass,Nucleated
6605,P8,pass,Nucleated
6606,P8,fail,Nucleated
6607,P8,fail,Nucleated
6608,P8,pass,Nucleated
6611,P8,pass,Nucleated
6619,P1,pass,Nucleated
6625,P1,pass,Nucleated
6627,P1,pass,Nucleated
6630,P2,pass,Nucleated
6631,P2,pass,Nucleated
6632,P2,pass,Nucleated
6634,P2,pass,Nucleated
6637,P2,pass,Nucleated
6640,P8,pass,Nucleated
6642,P8,pass,Nucleated
6643,P8,pass,Nucleated
6650,P1,pass,Nucleated
6653,P1,pass,Nucleated
6657,P1,pass,Nucleated
6659,P1,pass,Nucleated
6662,P2,pass,Nucleated
6665,P2,pass,Nucleated
6666,P2,pass,Nucleated
6669,P8,pass,Nucleated
6670,P8,pass,Nucleated
6671,P8,pass,Nucleated
6673,P8,pass,Nucleated
6674,P8,pass,Nucleated
6675,P8,pass,Nucleated
6678,P8,pass,Nucleated
6685,P1,fail,Nucleated
6687,P1,pass,Nucleated
6688,P1,pass,Nucleated
6693,P1,pass,Nucleated
6697,P8,pass,Nucleated
6698,P8,pass,Nucleated
6699,P8,pass,Nucleated
6700,P8,pass,Nucleated
6704,P8,pass,Nucleated
6714,P1,pass,Nucleated
6716,P1,pass,Nucleated
6723,P2,pass,Nucleated
6724,P2,pass,Nucleated
6725,P2,pass,Nucleated
6728,P2,pass,Nucleated
6733,P8,fail,Nucleated
6735,P8,fail,Nucleated
6738,P8,pass,Nucleated
6740,P8,pass,Nucleated
6792,P2,na,Nucleated
6795,P8,na,Nucleated
6813,P8,pass,Nucleated
6820,P6,pass,Nucleated
6831,P8,pass,Nucleated
6836,P6,pass,Nucleated
6840,P2,pass,Nucleated
6841,P2,pass,Nucleated
6842,P2,pass,Nucleated
6874,P8,pass,Nucleated
6885,P6,pass,Nucleated
6894,P1,pass,Nucleated
6895,P1,pass,Nucleated
6897,P1,pass,Nucleated
6906,P2,pass,Nucleated
6931,P6,pass,Nucleated
6951,P2,pass,Nucleated
6952,P2,pass,Nucleated
7001,P8,pass,Nucleated
7002,P8,pass,Nucleated
7004,P8,pass,Nucleated
7014,P8,pass,Nucleated
7015,P8,pass,Nucleated
7016,P8,pass,Nucleated
7023,P8,pass,Nucleated
7026,P8,pass,Nucleated
7027,P8,pass,Nucleated
7035,P8,pass,Nucleated
7036,P8,pass,Nucleated
7044,P8,pass,Nucleated
7045,P8,pass,Nucleated
7055,P2,pass,Nucleated
7056,P2,fail,Nucleated
7058,P2,pass,Nucleated
7062,P8,pass,Nucleated
7063,P8,pass,Nucleated
7064,P8,pass,Nucleated
7065,P8,pass,Nucleated
7073,P8,pass,Nucleated
7075,P8,pass,Nucleated
7108,P2,pass,Nucleated
7109,P2,pass,Nucleated
7110,P2,pass,Nucleated
7113,P8,pass,Nucleated
7116,P8,pass,Nucleated
7118,P8,pass,Nucleated
7119,P8,pass,Nucleated
7126,P2,pass,Nucleated
7127,P2,pass,Nucleated
7128,P2,pass,Nucleated
7133,P8,pass,Nucleated
7143,P2,pass,Nucleated
7144,P2,pass,Nucleated
7145,P2,pass,Nucleated
7146,P2,pass,Nucleated
7148,P2,pass,Nucleated
7150,P2,pass,Nucleated
7154,P2,pass,Nucleated
7155,P2,pass,Nucleated
7156,P8,pass,Nucleated
7159,P8,pass,Nucleated
7161,P8,pass,Nucleated
7166,P8,pass,Nucleated
7168,P8,pass,Nucleated
7169,P8,pass,Nucleated
7170,P8,fail,Nucleated
7172,P2,pass,Nucleated
7173,P2,pass,Nucleated
7175,P2,pass,Nucleated
7176,P2,pass,Nucleated
7179,P8,pass,Nucleated
7181,P8,fail,Nucleated
7182,P8,pass,Nucleated
7183,P8,pass,Nucleated
7186,P8,pass,Nucleated
7187,P8,pass,Nucleated
7188,P8,pass,Nucleated
7189,P8,pass,Nucleated
7190,P8,pass,Nucleated
7191,P8,pass,Nucleated
7193,P9,pass,Nucleated
7194,P9,pass,Nucleated
7195,P9,pass,Nucleated
7196,P9,fail,Nucleated
7197,P9,pass,Nucleated
7198,P9,pass,Nucleated
7199,P9,pass,Nucleated
7200,P9,pass,Nucleated
7201,P9,fail,Nucleated
7202,P9,pass,Nucleated
7205,P8,pass,Nucleated
7206,P8,pass,Nucleated
7208,P9,fail,Nucleated
7209,P2,pass,Nucleated
7211,P2,pass,Nucleated
7212,P2,pass,Nucleated
7213,P2,pass,Nucleated
7214,P2,pass,Nucleated
7215,P2,pass,Nucleated
7216,P2,fail,Nucleated
7218,P8,pass,Nucleated
7219,P8,pass,Nucleated
7220,P8,pass,Nucleated
7221,P8,pass,Nucleated
7222,P8,pass,Nucleated
7223,P8,pass,Nucleated
7224,P8,pass,Nucleated
7225,P9,pass,Nucleated
7226,P9,pass,Nucleated
7227,P9,pass,Nucleated
7228,P9,pass,Nucleated
7229,P9,pass,Nucleated
7230,P9,pass,Nucleated
7231,P9,pass,Nucleated
7232,P9,fail,Nucleated
7233,P9,pass,Nucleated
7234,P9,pass,Nucleated
7235,P9,pass,Nucleated
7236,P9,pass,Nucleated
7238,P2,pass,Nucleated
7239,P2,pass,Nucleated
7240,P2,pass,Nucleated
7244,P8,pass,Nucleated
7245,P8,pass,Nucleated
7246,P9,pass,Nucleated
7247,P9,pass,Nucleated
7248,P9,pass,Nucleated
7249,P9,pass,Nucleated
7250,P9,pass,Nucleated
7251,P9,pass,Nucleated
7252,PA,pass,Nucleated
7254,P2,pass,Nucleated
7256,P2,pass,Nucleated
7257,P2,pass,Nucleated
7258,P2,pass,Nucleated
7261,P9,pass,Nucleated
7263,P9,pass,Nucleated
7264,P9,pass,Nucleated
7265,P9,fail,Nucleated
7266,P9,pass,Nucleated
7269,P9,fail,Nucleated
7274,PA,pass,Nucleated
7280,P8,pass,Nucleated
7281,P8,pass,Nucleated
7283,P8,fail,Nucleated
7284,P8,pass,Nucleated
7285,PA,pass,Nucleated
7286,PA,pass,Nucleated
7293,P9,fail,Nucleated
7294,P9,fail,Nucleated
7298,P8,pass,Nucleated
7301,P8,pass,Nucleated
7303,P8,pass,Nucleated
7305,P8,pass,Nucleated
7306,PA,pass,Nucleated
7310,P2,pass,Nucleated
7311,P2,pass,Nucleated
7314,P8,pass,Nucleated
7315,P8,pass,Nucleated
7316,P8,pass,Nucleated
7317,P8,pass,Nucleated
7318,P8,pass,Nucleated
7319,P8,pass,Nucleated
7322,P9,fail,Nucleated
7323,PA,pass,Nucleated
7324,P2,pass,Nucleated
7325,P2,pass,Nucleated
7326,P2,pass,Nucleated
7328,P8,pass,Nucleated
7329,P9,pass,Nucleated
7331,PA,pass,Nucleated
7332,PB,pass,Nucleated
7333,PB,pass,Nucleated
7334,PB,pass,Nucleated
7335,PB,pass,Nucleated
7339,P2,pass,Nucleated
7342,P8,pass,Nucleated
7343,P8,pass,Nucleated
7344,P8,pass,Nucleated
7345,P8,pass,Nucleated
7349,PA,pass,Nucleated
7350,PA,pass,Nucleated
7354,P2,pass,Nucleated
7355,P2,pass,Nucleated
7357,P8,pass,Nucleated
7360,P8,pass,Nucleated
7361,P8,pass,Nucleated
7362,P8,pass,Nucleated
7364,P9,pass,Nucleated
7365,P9,pass,Nucleated
7367,P9,fail,Nucleated
7383,P8,pass,Nucleated
7385,P8,pass,Nucleated
7389,P8,pass,Nucleated
7390,P9,pass,Nucleated
7392,P9,pass,Nucleated
7393,P9,pass,Nucleated
7394,P9,pass,Nucleated
7396,P9,pass,Nucleated
7400,P9,pass,Nucleated
7402,PA,pass,Nucleated
7403,PA,pass,Nucleated
7405,PB,pass,Nucleated
7411,P2,pass,Nucleated
7415,P2,pass,Nucleated
7417,P2,pass,Nucleated
7418,P8,pass,Nucleated
7419,P8,pass,Nucleated
7420,P8,pass,Nucleated
7421,P8,pass,Nucleated
7424,P8,pass,Nucleated
7425,P8,pass,Nucleated
7426,P8,pass,Nucleated
7427,P9,pass,Nucleated
7429,P9,pass,Nucleated
7430,P9,pass,Nucleated
7431,P9,pass,Nucleated
7432,P9,pass,Nucleated
7433,P9,pass,Nucleated
7435,P9,pass,Nucleated
7436,P9,pass,Nucleated
7439,PA,pass,Nucleated
7444,PB,pass,Nucleated
7448,P2,pass,Nucleated
7451,P8,pass,Nucleated
7453,P9,pass,Nucleated
7456,P9,pass,Nucleated
7458,PA,pass,Nucleated
7470,P8,pass,Nucleated
7475,PA,pass,Nucleated
7477,PB,pass,Nucleated
7478,PB,pass,Nucleated
7485,P2,pass,Nucleated
7494,P8,pass,Nucleated
7498,P8,pass,Nucleated
7500,PA,pass,Nucleated
7501,PA,pass,Nucleated
7503,PB,pass,Nucleated
7504,PB,pass,Nucleated
7505,PB,fail,Nucleated
7510,P2,pass,Nucleated
7511,P2,fail,Nucleated
7515,P8,pass,Nucleated
7517,P8,pass,Nucleated
7519,P8,pass,Nucleated
7524,PB,pass,Nucleated
7526,P2,pass,Nucleated
7528,P2,pass,Nucleated
7532,P8,pass,Nucleated
7534,PA,fail,Nucleated
7537,PB,pass,Nucleated
7538,PB,pass,Nucleated
7545,P8,pass,Nucleated
7546,P8,pass,Nucleated
7550,PB,pass,Nucleated
7551,PB,pass,Nucleated
7553,PB,pass,Nucleated
7555,P2,pass,Nucleated
7556,P8,pass,Nucleated
7560,P8,pass,Nucleated
7561,P8,pass,Nucleated
7564,P9,pass,Nucleated
7566,P9,pass,Nucleated
7572,PA,fail,Nucleated
7573,PB,pass,Nucleated
7574,PB,pass,Nucleated
7575,PB,pass,Nucleated
7576,PB,pass,Nucleated
7577,PB,pass,Nucleated
7580,P8,pass,Nucleated
7582,P8,pass,Nucleated
7586,P2,pass,Nucleated
7595,P8,pass,Nucleated
7596,P8,pass,Nucleated
2622,P1,pass,Partial nucleated
2654,P4,pass,Partial nucleated
2773,P1,pass,Partial nucleated
2780,P2,pass,Partial nucleated
2833,P1,pass,Partial nucleated
2867,P1,pass,Partial nucleated
2888,P4,pass,Partial nucleated
2890,P4,pass,Partial nucleated
2907,P1,pass,Partial nucleated
2913,P1,pass,Partial nucleated
2993,P1,pass,Partial nucleated
3071,P4,pass,Partial nucleated
3117,P1,fail,Partial nucleated
3208,P2,pass,Partial nucleated
3236,P1,pass,Partial nucleated
3237,P1,pass,Partial nucleated
3244,P2,pass,Partial nucleated
3275,P4,pass,Partial nucleated
3291,P1,pass,Partial nucleated
3294,P1,pass,Partial nucleated
3316,P1,pass,Partial nucleated
3324,P2,pass,Partial nucleated
3327,P2,pass,Partial nucleated
3356,P1,pass,Partial nucleated
3357,P1,pass,Partial nucleated
3381,P1,pass,Partial nucleated
3385,P1,pass,Partial nucleated
3424,P1,fail,Partial nucleated
3426,P1,pass,Partial nucleated
3462,P1,fail,Partial nucleated
3482,P1,fail,Partial nucleated
3530,P1,fail,Partial nucleated
3595,P2,pass,Partial nucleated
3717,P1,fail,Partial nucleated
3806,P1,fail,Partial nucleated
3808,P1,pass,Partial nucleated
4493,P2,pass,Partial nucleated
4839,P2,fail,Partial nucleated
4846,P6,fail,Partial nucleated
4850,P6,fail,Partial nucleated
4852,P6,fail,Partial nucleated
4864,P1,pass,Partial nucleated
4876,P2,pass,Partial nucleated
4879,P2,pass,Partial nucleated
4883,P6,fail,Partial nucleated
5021,P1,pass,Partial nucleated
5047,P1,fail,Partial nucleated
5135,P1,fail,Partial nucleated
5169,P2,pass,Partial nucleated
5171,P2,pass,Partial nucleated
5188,P2,pass,Partial nucleated
5190,P2,pass,Partial nucleated
5202,P6,fail,Partial nucleated
5203,P6,fail,Partial nucleated
5205,P6,fail,Partial nucleated
5219,P1,pass,Partial nucleated
5221,P1,fail,Partial nucleated
5224,P2,pass,Partial nucleated
5228,P2,pass,Partial nucleated
5232,P2,fail,Partial nucleated
5239,P6,pass,Partial nucleated
5240,P6,pass,Partial nucleated
5241,P6,pass,Partial nucleated
5257,P1,pass,Partial nucleated
5284,P1,fail,Partial nucleated
5288,P1,pass,Partial nucleated
5297,P2,pass,Partial nucleated
5299,P2,pass,Partial nucleated
5302,P2,pass,Partial nucleated
5304,P2,pass,Partial nucleated
5332,P2,pass,Partial nucleated
5335,P2,fail,Partial nucleated
5336,P2,pass,Partial nucleated
5352,P1,fail,Partial nucleated
5353,P1,pass,Partial nucleated
5364,P2,pass,Partial nucleated
5367,P6,pass,Partial nucleated
5368,P6,pass,Partial nucleated
5371,P6,pass,Partial nucleated
5382,P1,pass,Partial nucleated
5387,P1,pass,Partial nucleated
5398,P2,pass,Partial nucleated
5413,P1,pass,Partial nucleated
5420,P2,pass,Partial nucleated
5423,P2,pass,Partial nucleated
5435,P1,pass,Partial nucleated
5441,P1,pass,Partial nucleated
5446,P2,pass,Partial nucleated
5514,P1,pass,Partial nucleated
5515,P1,fail,Partial nucleated
5520,P2,pass,Partial nucleated
5528,P2,pass,Partial nucleated
5535,P6,pass,Partial nucleated
5540,P6,fail,Partial nucleated
5547,P1,fail,Partial nucleated
5550,P1,pass,Partial nucleated
5577,P6,fail,Partial nucleated
5590,P1,pass,Partial nucleated
5610,P6,pass,Partial nucleated
5611,P6,fail,Partial nucleated
5612,P6,pass,Partial nucleated
5613,P6,pass,Partial nucleated
5630,P1,pass,Partial nucleated
5642,P2,pass,Partial nucleated
5646,P2,fail,Partial nucleated
5656,P1,pass,Partial nucleated
5658,P1,pass,Partial nucleated
5668,P2,pass,Partial nucleated
5671,P2,pass,Partial nucleated
5685,P1,pass,Partial nucleated
5732,P1,fail,Partial nucleated
5738,P1,pass,Partial nucleated
5739,P1,pass,Partial nucleated
5742,P2,pass,Partial nucleated
5744,P2,pass,Partial nucleated
5757,P1,fail,Partial nucleated
5763,P2,pass,Partial nucleated
5783,P1,pass,Partial nucleated
5803,P6,pass,Partial nucleated
5804,P6,pass,Partial nucleated
5814,P1,pass,Partial nucleated
5832,P8,pass,Partial nucleated
5834,P8,pass,Partial nucleated
5839,P1,fail,Partial nucleated
5854,P2,pass,Partial nucleated
5855,P2,fail,Partial nucleated
5866,P8,pass,Partial nucleated
5873,P1,pass,Partial nucleated
5876,P1,pass,Partial nucleated
5896,P2,pass,Partial nucleated
5898,P8,pass,Partial nucleated
5917,P8,pass,Partial nucleated
5918,P8,pass,Partial nucleated
5919,P8,fail,Partial nucleated
5923,P8,pass,Partial nucleated
5939,P1,pass,Partial nucleated
5947,P8,fail,Partial nucleated
5953,P2,pass,Partial nucleated
5971,P1,fail,Partial nucleated
5986,P2,pass,Partial nucleated
6018,P8,pass,Partial nucleated
6024,P2,pass,Partial nucleated
6044,P1,pass,Partial nucleated
6068,P1,pass,Partial nucleated
6113,P2,pass,Partial nucleated
6144,P2,pass,Partial nucleated
6150,P8,pass,Partial nucleated
6153,P8,pass,Partial nucleated
6154,P8,pass,Partial nucleated
6169,P8,pass,Partial nucleated
6181,P1,smarter_fail,Partial nucleated
6183,P1,smarter_fail,Partial nucleated
6185,P1,smarter_fail,Partial nucleated
6190,P2,smarter_fail,Partial nucleated
6199,P2,smarter_fail,Partial nucleated
6202,P8,smarter_fail,Partial nucleated
6219,P1,smarter_fail,Partial nucleated
6222,P1,pass,Partial nucleated
6233,P2,pass,Partial nucleated
6333,P1,fail,Partial nucleated
6346,P2,pass,Partial nucleated
6351,P8,pass,Partial nucleated
6354,P8,fail,Partial nucleated
6355,P8,fail,Partial nucleated
6386,P8,pass,Partial nucleated
6430,P8,pass,Partial nucleated
6431,P8,pass,Partial nucleated
6452,P8,pass,Partial nucleated
6469,P1,pass,Partial nucleated
6492,P1,pass,Partial nucleated
6529,P1,fail,Partial nucleated
6530,P1,pass,Partial nucleated
6540,P2,pass,Partial nucleated
6599,P2,pass,Partial nucleated
6610,P8,pass,Partial nucleated
6621,P1,pass,Partial nucleated
6636,P2,pass,Partial nucleated
6654,P1,pass,Partial nucleated
6663,P2,pass,Partial nucleated
6676,P8,pass,Partial nucleated
6677,P8,pass,Partial nucleated
6701,P8,pass,Partial nucleated
6702,P8,pass,Partial nucleated
6722,P2,pass,Partial nucleated
6741,P8,pass,Partial nucleated
6821,P6,fail,Partial nucleated
6828,P8,pass,Partial nucleated
6829,P8,pass,Partial nucleated
6835,P6,pass,Partial nucleated
6866,P2,pass,Partial nucleated
6884,P6,pass,Partial nucleated
6886,P6,pass,Partial nucleated
6907,P2,pass,Partial nucleated
6923,P6,pass,Partial nucleated
6925,P6,pass,Partial nucleated
6926,P6,pass,Partial nucleated
6929,P6,pass,Partial nucleated
6930,P6,fail,Partial nucleated
6993,P1,pass,Partial nucleated
7012,P8,pass,Partial nucleated
7013,P8,pass,Partial nucleated
7039,P8,pass,Partial nucleated
7042,P8,pass,Partial nucleated
7043,P8,pass,Partial nucleated
7046,P8,pass,Partial nucleated
7061,P8,fail,Partial nucleated
7066,P8,pass,Partial nucleated
7077,P8,pass,Partial nucleated
7085,P8,pass,Partial nucleated
7087,P8,pass,Partial nucleated
7095,P8,pass,Partial nucleated
7096,P8,pass,Partial nucleated
7129,P2,pass,Partial nucleated
7149,P2,pass,Partial nucleated
7152,P9,pass,Partial nucleated
7158,P8,pass,Partial nucleated
7162,P8,pass,Partial nucleated
7167,P8,pass,Partial nucleated
7177,P2,pass,Partial nucleated
7184,P8,fail,Partial nucleated
7185,P8,pass,Partial nucleated
7192,P8,pass,Partial nucleated
7204,P8,fail,Partial nucleated
7217,P8,pass,Partial nucleated
7243,P8,pass,Partial nucleated
7262,P9,pass,Partial nucleated
7273,PA,pass,Partial nucleated
7277,P8,fail,Partial nucleated
7282,P8,fail,Partial nucleated
7289,P9,pass,Partial nucleated
7307,PA,pass,Partial nucleated
7309,PB,pass,Partial nucleated
7358,P8,fail,Partial nucleated
7407,PB,pass,Partial nucleated
7408,PB,pass,Partial nucleated
7409,PB,pass,Partial nucleated
7438,PA,pass,Partial nucleated
7440,PA,pass,Partial nucleated
7441,PB,pass,Partial nucleated
7443,PB,pass,Partial nucleated
7445,P2,pass,Partial nucleated
7446,P2,pass,Partial nucleated
7452,P8,pass,Partial nucleated
7459,PA,pass,Partial nucleated
7460,PB,pass,Partial nucleated
7461,PB,pass,Partial nucleated
7469,P8,pass,Partial nucleated
7472,P8,pass,Partial nucleated
7482,PB,pass,Partial nucleated
7483,PB,pass,Partial nucleated
7493,P8,pass,Partial nucleated
7521,PB,pass,Partial nucleated
7525,PB,pass,Partial nucleated
7530,P8,pass,Partial nucleated
7540,P8,fail,Partial nucleated
7541,P8,fail,Partial nucleated
7557,P8,pass,Partial nucleated
7559,P8,pass,Partial nucleated
7568,PA,fail,Partial nucleated
7569,PA,pass,Partial nucleated
7571,PA,pass,Partial nucleated
7584,P2,fail,Partial nucleated
7592,P8,fail,Partial nucleated
7593,P8,pass,Partial nucleated
2418,P1,pass,Outside out
2423,P2,fail,Outside out
2470,P1,pass,Outside out
2631,P2,pass,Outside out
2672,P2,pass,Outside out
2674,P2,pass,Outside out
2681,P4,fail,Outside out
2708,P1,fail,Outside out
2709,P1,fail,Outside out
2715,P1,pass,Outside out
2721,P2,pass,Outside out
2722,P2,pass,Outside out
2723,P2,pass,Outside out
2805,P1,pass,Outside out
2806,P1,pass,Outside out
2807,P1,pass,Outside out
2808,P1,pass,Outside out
2811,P2,pass,Outside out
2812,P2,pass,Outside out
2813,P2,pass,Outside out
2817,P4,pass,Outside out
2818,P4,pass,Outside out
2819,P4,fail,Outside out
2820,P4,fail,Outside out
2821,P4,pass,Outside out
2822,P4,pass,Outside out
2824,P4,pass,Outside out
2825,P4,pass,Outside out
2830,P1,pass,Outside out
2832,P1,pass,Outside out
2834,P1,pass,Outside out
2840,P4,pass,Outside out
2841,P4,fail,Outside out
2844,P4,pass,Outside out
2845,P4,fail,Outside out
2846,P4,pass,Outside out
2855,P4,pass,Outside out
2857,P4,pass,Outside out
2858,P4,pass,Outside out
2859,P4,pass,Outside out
2868,P1,pass,Outside out
2869,P1,pass,Outside out
2871,P1,pass,Outside out
2873,P1,pass,Outside out
2877,P2,pass,Outside out
2878,P2,pass,Outside out
2879,P2,pass,Outside out
2880,P2,pass,Outside out
2881,P2,pass,Outside out
2882,P2,pass,Outside out
2883,P2,pass,Outside out
2884,P2,pass,Outside out
2887,P4,pass,Outside out
2893,P4,pass,Outside out
2905,P1,fail,Outside out
2908,P1,pass,Outside out
2909,P1,pass,Outside out
2910,P1,pass,Outside out
2912,P1,pass,Outside out
2914,P1,pass,Outside out
2917,P2,pass,Outside out
2918,P2,pass,Outside out
2919,P2,pass,Outside out
2920,P2,pass,Outside out
2921,P2,pass,Outside out
2922,P2,pass,Outside out
2930,P4,fail,Outside out
2933,P4,pass,Outside out
2936,P4,pass,Outside out
2937,P4,pass,Outside out
2938,P4,pass,Outside out
2945,P1,fail,Outside out
2947,P1,pass,Outside out
2948,P1,pass,Outside out
2950,P1,pass,Outside out
2951,P1,pass,Outside out
2952,P1,pass,Outside out
2955,P2,pass,Outside out
2956,P2,pass,Outside out
2958,P2,pass,Outside out
2959,P2,pass,Outside out
2960,P2,pass,Outside out
2961,P2,pass,Outside out
2962,P2,fail,Outside out
2963,P2,pass,Outside out
2966,P4,pass,Outside out
2967,P4,pass,Outside out
2969,P4,pass,Outside out
2970,P4,pass,Outside out
2972,P4,pass,Outside out
2973,P4,pass,Outside out
2978,P4,pass,Outside out
2979,P4,pass,Outside out
2986,P1,pass,Outside out
2987,P1,fail,Outside out
2988,P1,pass,Outside out
2989,P1,pass,Outside out
2990,P1,pass,Outside out
2992,P1,pass,Outside out
2996,P2,pass,Outside out
3000,P2,pass,Outside out
3001,P2,pass,Outside out
3002,P2,fail,Outside out
3003,P2,pass,Outside out
3004,P2,fail,Outside out
3005,P2,pass,Outside out
3008,P4,pass,Outside out
3013,P4,fail,Outside out
3014,P4,pass,Outside out
3023,P1,pass,Outside out
3026,P2,pass,Outside out
3027,P2,pass,Outside out
3028,P2,pass,Outside out
3029,P2,pass,Outside out
3030,P2,fail,Outside out
3031,P2,pass,Outside out
3032,P2,pass,Outside out
3033,P2,pass,Outside out
3034,P2,pass,Outside out
3035,P2,pass,Outside out
3038,P4,pass,Outside out
3039,P4,fail,Outside out
3040,P4,pass,Outside out
3042,P4,fail,Outside out
3043,P4,pass,Outside out
3044,P4,pass,Outside out
3046,P4,pass,Outside out
3047,P4,fail,Outside out
3056,P2,pass,Outside out
3057,P2,pass,Outside out
3058,P2,fail,Outside out
3059,P2,pass,Outside out
3060,P2,pass,Outside out
3063,P4,pass,Outside out
3064,P4,fail,Outside out
3065,P4,fail,Outside out
3068,P4,fail,Outside out
3069,P4,fail,Outside out
3072,P4,pass,Outside out
3080,P2,pass,Outside out
3081,P2,fail,Outside out
3082,P2,fail,Outside out
3083,P2,pass,Outside out
3084,P2,fail,Outside out
3085,P2,pass,Outside out
3086,P2,pass,Outside out
3087,P2,pass,Outside out
3090,P4,fail,Outside out
3091,P4,pass,Outside out
3093,P4,pass,Outside out
3094,P4,fail,Outside out
3095,P4,pass,Outside out
3097,P4,pass,Outside out
3099,P4,pass,Outside out
3100,P4,fail,Outside out
3101,P4,pass,Outside out
3102,P4,fail,Outside out
3103,P4,fail,Outside out
3104,P4,fail,Outside out
3111,P1,fail,Outside out
3112,P1,fail,Outside out
3114,P1,fail,Outside out
3115,P1,fail,Outside out
3116,P1,fail,Outside out
3120,P2,fail,Outside out
3121,P2,fail,Outside out
3122,P2,fail,Outside out
3123,P2,fail,Outside out
3124,P2,fail,Outside out
3125,P2,fail,Outside out
3126,P2,fail,Outside out
3127,P2,fail,Outside out
3130,P4,fail,Outside out
3131,P4,fail,Outside out
3133,P4,fail,Outside out
3134,P4,fail,Outside out
3138,P4,fail,Outside out
3139,P4,fail,Outside out
3141,P4,fail,Outside out
3144,P4,fail,Outside out
3152,P1,pass,Outside out
3153,P1,fail,Outside out
3154,P1,fail,Outside out
3155,P1,fail,Outside out
3156,P1,fail,Outside out
3157,P1,fail,Outside out
3158,P1,pass,Outside out
3159,P1,pass,Outside out
3160,P1,pass,Outside out
3163,P2,pass,Outside out
3164,P2,fail,Outside out
3166,P2,pass,Outside out
3167,P2,pass,Outside out
3170,P4,fail,Outside out
3171,P4,fail,Outside out
3172,P4,fail,Outside out
3174,P4,pass,Outside out
3178,P4,fail,Outside out
3179,P4,fail,Outside out
3181,P4,pass,Outside out
3182,P4,pass,Outside out
3184,P4,fail,Outside out
3191,P1,fail,Outside out
3192,P1,fail,Outside out
3193,P1,fail,Outside out
3194,P1,fail,Outside out
3196,P1,fail,Outside out
3197,P1,fail,Outside out
3198,P1,fail,Outside out
3201,P2,fail,Outside out
3202,P2,fail,Outside out
3205,P2,pass,Outside out
3206,P2,fail,Outside out
3211,P4,fail,Outside out
3212,P4,fail,Outside out
3213,P4,fail,Outside out
3214,P4,fail,Outside out
3215,P4,fail,Outside out
3220,P4,fail,Outside out
3221,P4,fail,Outside out
3223,P4,fail,Outside out
3232,P1,pass,Outside out
3246,P2,pass,Outside out
3251,P4,pass,Outside out
3255,P4,fail,Outside out
3257,P4,fail,Outside out
3267,P1,fail,Outside out
3269,P1,fail,Outside out
3276,P4,fail,Outside out
3278,P4,pass,Outside out
3281,P4,pass,Outside out
3289,P1,fail,Outside out
3298,P2,pass,Outside out
3303,P2,pass,Outside out
3310,P1,fail,Outside out
3315,P1,pass,Outside out
3317,P1,fail,Outside out
3320,P2,pass,Outside out
3322,P2,pass,Outside out
3323,P2,pass,Outside out
3325,P2,pass,Outside out
3326,P2,pass,Outside out
3334,P1,pass,Outside out
3338,P1,pass,Outside out
3342,P2,pass,Outside out
3344,P2,pass,Outside out
3346,P2,pass,Outside out
3354,P1,fail,Outside out
3355,P1,fail,Outside out
3358,P1,pass,Outside out
3359,P1,pass,Outside out
3360,P1,pass,Outside out
3363,P2,pass,Outside out
3365,P2,pass,Outside out
3368,P2,pass,Outside out
3373,P6,fail,Outside out
3380,P1,fail,Outside out
3383,P1,pass,Outside out
3384,P1,fail,Outside out
3393,P2,pass,Outside out
3396,P2,fail,Outside out
3397,P2,pass,Outside out
3404,P2,pass,Outside out
3405,P2,fail,Outside out
3411,P2,pass,Outside out
3412,P2,pass,Outside out
3414,P2,fail,Outside out
3415,P2,fail,Outside out
3416,P2,fail,Outside out
3431,P2,pass,Outside out
3432,P2,pass,Outside out
3434,P2,fail,Outside out
3442,P1,fail,Outside out
3443,P1,fail,Outside out
3446,P1,fail,Outside out
3458,P1,pass,Outside out
3459,P1,pass,Outside out
3461,P1,fail,Outside out
3463,P1,fail,Outside out
3464,P1,fail,Outside out
3470,P6,fail,Outside out
3472,P6,fail,Outside out
3481,P1,fail,Outside out
3489,P2,fail,Outside out
3490,P2,fail,Outside out
3496,P6,fail,Outside out
3497,P6,fail,Outside out
3505,P1,pass,Outside out
3506,P1,fail,Outside out
3507,P1,fail,Outside out
3509,P1,fail,Outside out
3510,P1,fail,Outside out
3511,P1,fail,Outside out
3514,P2,fail,Outside out
3515,P2,fail,Outside out
3516,P2,fail,Outside out
3517,P2,fail,Outside out
3518,P2,fail,Outside out
3521,P2,fail,Outside out
3531,P1,fail,Outside out
3532,P1,pass,Outside out
3535,P2,pass,Outside out
3536,P2,pass,Outside out
3537,P2,pass,Outside out
3538,P2,pass,Outside out
3547,P1,pass,Outside out
3548,P1,fail,Outside out
3549,P1,pass,Outside out
3555,P2,pass,Outside out
3556,P2,pass,Outside out
3564,P1,fail,Outside out
3567,P2,pass,Outside out
3568,P2,pass,Outside out
3569,P2,pass,Outside out
3584,P1,fail,Outside out
3585,P1,fail,Outside out
3586,P1,fail,Outside out
3587,P1,fail,Outside out
3588,P1,fail,Outside out
3589,P1,fail,Outside out
3592,P2,fail,Outside out
3593,P2,fail,Outside out
3594,P2,fail,Outside out
3596,P2,fail,Outside out
3600,P6,fail,Outside out
3612,P1,fail,Outside out
3615,P1,fail,Outside out
3616,P1,fail,Outside out
3620,P2,fail,Outside out
3621,P2,pass,Outside out
3623,P2,fail,Outside out
3624,P2,fail,Outside out
3632,P1,fail,Outside out
3633,P1,fail,Outside out
3634,P1,fail,Outside out
3635,P1,fail,Outside out
3636,P1,pass,Outside out
3638,P1,fail,Outside out
3639,P1,fail,Outside out
3642,P2,fail,Outside out
3643,P2,fail,Outside out
3644,P2,fail,Outside out
3645,P2,pass,Outside out
3647,P2,fail,Outside out
3651,P6,fail,Outside out
3652,P6,fail,Outside out
3653,P6,fail,Outside out
3682,P1,fail,Outside out
3683,P1,fail,Outside out
3684,P1,fail,Outside out
3685,P1,fail,Outside out
3687,P1,fail,Outside out
3689,P1,fail,Outside out
3692,P2,pass,Outside out
3693,P2,fail,Outside out
3695,P2,pass,Outside out
3696,P2,fail,Outside out
3697,P2,pass,Outside out
3699,P2,pass,Outside out
3703,P6,fail,Outside out
3704,P6,fail,Outside out
3705,P6,fail,Outside out
3714,P1,fail,Outside out
3715,P1,fail,Outside out
3716,P1,fail,Outside out
3718,P1,fail,Outside out
3719,P1,fail,Outside out
3720,P1,fail,Outside out
3721,P1,fail,Outside out
3724,P2,pass,Outside out
3725,P2,fail,Outside out
3726,P2,fail,Outside out
3727,P2,pass,Outside out
3728,P2,fail,Outside out
3729,P2,fail,Outside out
3735,P6,fail,Outside out
3736,P6,fail,Outside out
3737,P6,pass,Outside out
3738,P6,fail,Outside out
3774,P1,fail,Outside out
3807,P1,fail,Outside out
3814,P2,pass,Outside out
3816,P2,fail,Outside out
3817,P2,fail,Outside out
3827,P1,fail,Outside out
3829,P1,fail,Outside out
3830,P1,fail,Outside out
3831,P1,fail,Outside out
3835,P2,pass,Outside out
3837,P2,fail,Outside out
3838,P2,fail,Outside out
3839,P2,fail,Outside out
3840,P2,pass,Outside out
3843,P6,fail,Outside out
3844,P6,fail,Outside out
3845,P6,fail,Outside out
3853,P1,fail,Outside out
3854,P1,fail,Outside out
3855,P1,fail,Outside out
3858,P1,fail,Outside out
3862,P2,pass,Outside out
3863,P2,pass,Outside out
3865,P2,fail,Outside out
3866,P2,pass,Outside out
4249,P6,fail,Outside out
4250,P6,fail,Outside out
4251,P6,fail,Outside out
4636,P1,fail,Outside out
4644,P2,fail,Outside out
4675,P2,fail,Outside out
4676,P2,fail,Outside out
4796,P1,fail,Outside out
4798,P1,fail,Outside out
4800,P1,fail,Outside out
4811,P1,fail,Outside out
4812,P1,fail,Outside out
4814,P1,fail,Outside out
4815,P1,fail,Outside out
4816,P1,fail,Outside out
4838,P2,fail,Outside out
4886,P6,pass,Outside out
4887,P6,fail,Outside out
5098,P1,fail,Outside out
5099,P1,fail,Outside out
5100,P1,fail,Outside out
5101,P1,pass,Outside out
5102,P1,fail,Outside out
5103,P1,fail,Outside out
5104,P1,fail,Outside out
5105,P1,fail,Outside out
5106,P1,pass,Outside out
5107,P1,fail,Outside out
5110,P2,pass,Outside out
5112,P2,fail,Outside out
5113,P2,pass,Outside out
5116,P2,pass,Outside out
5118,P2,fail,Outside out
5126,P1,fail,Outside out
5128,P1,fail,Outside out
5129,P1,pass,Outside out
5130,P1,pass,Outside out
5131,P1,fail,Outside out
5133,P1,pass,Outside out
5139,P2,pass,Outside out
5140,P2,pass,Outside out
5142,P2,pass,Outside out
5143,P2,pass,Outside out
5144,P2,fail,Outside out
5145,P2,fail,Outside out
5155,P1,pass,Outside out
5156,P1,fail,Outside out
5157,P1,fail,Outside out
5158,P1,pass,Outside out
5159,P1,pass,Outside out
5161,P1,fail,Outside out
5167,P2,pass,Outside out
5178,P1,fail,Outside out
5179,P1,pass,Outside out
5181,P1,pass,Outside out
5193,P2,pass,Outside out
5231,P2,pass,Outside out
5385,P1,fail,Outside out
5444,P2,pass,Outside out
5513,P1,pass,Outside out
5662,P1,fail,Outside out
5781,P1,fail,Outside out
5782,P1,fail,Outside out
5889,P1,pass,Outside out
6070,P1,pass,Outside out
6208,P8,smarter_fail,Outside out
6215,P1,smarter_fail,Outside out
6224,P1,fail,Outside out
6236,P2,pass,Outside out
6262,P1,pass,Outside out
6265,P1,fail,Outside out
6268,P1,fail,Outside out
6301,P1,pass,Outside out
6317,P8,pass,Outside out
6332,P1,fail,Outside out
6335,P1,pass,Outside out
6336,P1,pass,Outside out
6368,P1,pass,Outside out
6370,P1,fail,Outside out
6371,P1,pass,Outside out
6372,P1,fail,Outside out
6395,P1,pass,Outside out
6413,P1,fail,Outside out
6443,P1,fail,Outside out
6447,P1,fail,Outside out
6466,P1,pass,Outside out
6467,P1,pass,Outside out
6470,P1,fail,Outside out
6562,P1,fail,Outside out
6641,P8,fail,Outside out
6652,P1,pass,Outside out
6686,P1,fail,Outside out
6691,P1,fail,Outside out
6711,P1,fail,Outside out
6713,P1,fail,Outside out
6719,P1,pass,Outside out
6729,P2,pass,Outside out
6870,P2,pass,Outside out
6893,P1,fail,Outside out
6940,P1,pass,Outside out
7270,P9,fail,Outside out
7288,P9,fail,Outside out
7299,P8,pass,Outside out
7300,P8,fail,Outside out
7366,P9,fail,Outside out
7391,P9,fail,Outside out
7450,P8,pass,Outside out
7466,P8,fail,Outside out
7467,P8,pass,Outside out
7484,PB,pass,Outside out
7489,P2,fail,Outside out
7491,P8,pass,Outside out
7492,P8,fail,Outside out
7495,P8,fail,Outside out
7496,P8,fail,Outside out
7502,PB,fail,Outside out
7508,P2,pass,Outside out
7509,P2,fail,Outside out
7547,P8,fail,Outside out
7552,PB,pass,Outside out
7554,P2,fail,Outside out
2362,P1,fail,No seal
2382,P4,fail,No seal
2390,P1,pass,No seal
2391,P1,fail,No seal
2393,P1,pass,No seal
2394,P1,pass,No seal
2396,P1,fail,No seal
2399,P2,fail,No seal
2401,P2,pass,No seal
2404,P2,fail,No seal
2406,P4,fail,No seal
2407,P4,fail,No seal
2416,P1,pass,No seal
2417,P1,pass,No seal
2419,P1,fail,No seal
2420,P1,fail,No seal
2422,P2,pass,No seal
2424,P2,fail,No seal
2425,P2,fail,No seal
2427,P4,fail,No seal
2428,P4,fail,No seal
2429,P4,fail,No seal
2430,P4,fail,No seal
2440,P1,pass,No seal
2618,P1,fail,No seal
2619,P1,fail,No seal
2620,P1,fail,No seal
2621,P1,pass,No seal
2623,P1,pass,No seal
2624,P1,pass,No seal
2625,P1,pass,No seal
2628,P2,pass,No seal
2629,P2,pass,No seal
2630,P2,pass,No seal
2632,P2,fail,No seal
2633,P2,pass,No seal
2636,P4,pass,No seal
2637,P4,fail,No seal
2638,P4,pass,No seal
2639,P4,fail,No seal
2640,P4,pass,No seal
2641,P4,pass,No seal
2643,P4,pass,No seal
2650,P4,pass,No seal
2651,P4,fail,No seal
2652,P4,pass,No seal
2653,P4,pass,No seal
2655,P4,pass,No seal
2656,P4,pass,No seal
2657,P4,pass,No seal
2658,P4,pass,No seal
2659,P4,fail,No seal
2660,P4,pass,No seal
2661,P4,pass,No seal
2662,P4,pass,No seal
2669,P2,pass,No seal
2670,P2,fail,No seal
2671,P2,pass,No seal
2673,P2,fail,No seal
2675,P2,pass,No seal
2676,P2,pass,No seal
2679,P4,pass,No seal
2682,P4,fail,No seal
2683,P4,pass,No seal
2684,P4,pass,No seal
2685,P4,pass,No seal
2686,P4,pass,No seal
2687,P4,pass,No seal
2688,P4,pass,No seal
2689,P4,pass,No seal
2690,P4,pass,No seal
2691,P4,pass,No seal
2692,P4,pass,No seal
2699,P2,pass,No seal
2700,P2,pass,No seal
2701,P2,pass,No seal
2710,P1,pass,No seal
2711,P1,pass,No seal
2712,P1,pass,No seal
2713,P1,fail,No seal
2714,P1,pass,No seal
2718,P2,fail,No seal
2719,P2,fail,No seal
2720,P2,pass,No seal
2724,P2,pass,No seal
2727,P4,fail,No seal
2728,P4,pass,No seal
2729,P4,fail,No seal
2730,P4,pass,No seal
2731,P4,pass,No seal
2733,P4,fail,No seal
2734,P4,pass,No seal
2735,P4,fail,No seal
2736,P4,fail,No seal
2742,P1,pass,No seal
2743,P1,pass,No seal
2744,P1,pass,No seal
2747,P2,pass,No seal
2748,P2,fail,No seal
2749,P2,fail,No seal
2750,P2,pass,No seal
2753,P4,pass,No seal
2754,P4,pass,No seal
2755,P4,pass,No seal
2756,P4,pass,No seal
2757,P4,pass,No seal
2758,P4,pass,No seal
2759,P4,pass,No seal
2766,P1,pass,No seal
2767,P1,fail,No seal
2768,P1,pass,No seal
2769,P1,pass,No seal
2770,P1,pass,No seal
2771,P1,pass,No seal
2772,P1,pass,No seal
2776,P2,pass,No seal
2777,P2,pass,No seal
2778,P2,pass,No seal
2779,P2,pass,No seal
2781,P2,pass,No seal
2782,P2,pass,No seal
2783,P2,pass,No seal
2786,P4,fail,No seal
2787,P4,fail,No seal
2788,P4,fail,No seal
2789,P4,pass,No seal
2790,P4,pass,No seal
2791,P4,pass,No seal
2792,P4,fail,No seal
2793,P4,pass,No seal
2795,P4,pass,No seal
2796,P4,pass,No seal
2797,P4,pass,No seal
2804,P1,pass,No seal
2816,P4,pass,No seal
2823,P4,pass,No seal
2831,P1,pass,No seal
2835,P1,fail,No seal
2838,P4,pass,No seal
2839,P4,fail,No seal
2842,P4,fail,No seal
2843,P4,pass,No seal
2853,P4,pass,No seal
2854,P4,fail,No seal
2856,P4,pass,No seal
2860,P4,pass,No seal
2870,P1,pass,No seal
2872,P1,pass,No seal
2874,P1,pass,No seal
2889,P4,fail,No seal
2891,P4,pass,No seal
2892,P4,pass,No seal
2894,P4,pass,No seal
2895,P4,pass,No seal
2896,P4,pass,No seal
2897,P4,pass,No seal
2898,P4,pass,No seal
2906,P1,pass,No seal
2911,P1,pass,No seal
2925,P4,fail,No seal
2926,P4,pass,No seal
2927,P4,pass,No seal
2928,P4,fail,No seal
2929,P4,fail,No seal
2931,P4,pass,No seal
2932,P4,fail,No seal
2935,P4,pass,No seal
2946,P1,pass,No seal
2949,P1,pass,No seal
2957,P2,pass,No seal
2968,P4,pass,No seal
2971,P4,pass,No seal
2974,P4,pass,No seal
2975,P4,fail,No seal
2976,P4,pass,No seal
2977,P4,pass,No seal
2991,P1,pass,No seal
2997,P2,pass,No seal
2998,P2,pass,No seal
3009,P4,fail,No seal
3010,P4,pass,No seal
3011,P4,pass,No seal
3012,P4,pass,No seal
3022,P1,pass,No seal
3041,P4,pass,No seal
3048,P4,pass,No seal
3049,P4,pass,No seal
3066,P4,fail,No seal
3067,P4,pass,No seal
3070,P4,pass,No seal
3073,P4,pass,No seal
3092,P4,fail,No seal
3096,P4,pass,No seal
3098,P4,fail,No seal
3113,P1,fail,No seal
3132,P4,fail,No seal
3136,P4,fail,No seal
3137,P4,fail,No seal
3140,P4,fail,No seal
3142,P4,fail,No seal
3143,P4,fail,No seal
3151,P1,fail,No seal
3165,P2,pass,No seal
3173,P4,pass,No seal
3175,P4,fail,No seal
3176,P4,fail,No seal
3177,P4,pass,No seal
3180,P4,pass,No seal
3183,P4,fail,No seal
3195,P1,fail,No seal
3203,P2,fail,No seal
3204,P2,pass,No seal
3207,P2,fail,No seal
3216,P4,fail,No seal
3217,P4,fail,No seal
3218,P4,fail,No seal
3219,P4,fail,No seal
3222,P4,fail,No seal
3224,P4,fail,No seal
3231,P1,pass,No seal
3233,P1,pass,No seal
3234,P1,pass,No seal
3235,P1,pass,No seal
3238,P1,fail,No seal
3241,P2,pass,No seal
3245,P2,fail,No seal
3247,P2,pass,No seal
3250,P4,fail,No seal
3252,P4,fail,No seal
3253,P4,fail,No seal
3254,P4,pass,No seal
3256,P4,fail,No seal
3258,P4,fail,No seal
3259,P4,pass,No seal
3266,P1,fail,No seal
3268,P1,fail,No seal
3270,P1,fail,No seal
3272,P1,fail,No seal
3277,P4,fail,No seal
3279,P4,pass,No seal
3280,P4,fail,No seal
3282,P4,fail,No seal
3290,P1,pass,No seal
3292,P1,pass,No seal
3293,P1,fail,No seal
3297,P2,pass,No seal
3302,P2,pass,No seal
3313,P1,fail,No seal
3314,P1,fail,No seal
3321,P2,pass,No seal
3335,P1,pass,No seal
3336,P1,pass,No seal
3337,P1,pass,No seal
3364,P2,pass,No seal
3371,P6,fail,No seal
3372,P6,fail,No seal
3382,P1,pass,No seal
3386,P1,fail,No seal
3387,P1,fail,No seal
3395,P2,pass,No seal
3413,P2,pass,No seal
3423,P1,fail,No seal
3425,P1,pass,No seal
3427,P1,fail,No seal
3428,P1,fail,No seal
3433,P2,fail,No seal
3445,P1,pass,No seal
3447,P1,fail,No seal
3460,P1,fail,No seal
3467,P6,fail,No seal
3469,P6,fail,No seal
3471,P6,fail,No seal
3483,P1,fail,No seal
3484,P1,fail,No seal
3491,P2,fail,No seal
3494,P6,fail,No seal
3508,P1,fail,No seal
3529,P1,pass,No seal
3546,P1,fail,No seal
3552,P2,pass,No seal
3553,P2,pass,No seal
3554,P2,pass,No seal
3572,P6,fail,No seal
3603,P6,fail,No seal
3604,P6,fail,No seal
3614,P1,fail,No seal
3619,P2,fail,No seal
3622,P2,pass,No seal
3646,P2,fail,No seal
3650,P6,fail,No seal
3686,P1,fail,No seal
3688,P1,fail,No seal
3698,P2,fail,No seal
3702,P6 ,fail,No seal
3809,P1,fail,No seal
3815,P2,fail,No seal
3818,P2,pass,No seal
3828,P1,fail,No seal
3832,P1,fail,No seal
3864,P2,pass,No seal
4213,P6,pass,No seal
4494,P2,pass,No seal
4797,P1,fail,No seal
4801,P1,fail,No seal
4810,P1,fail,No seal
4823,P1,fail,No seal
4824,P1,fail,No seal
4825,P1,fail,No seal
4828,P1,fail,No seal
4829,P1,fail,No seal
4830,P1,fail,No seal
4831,P1,fail,No seal
4832,P1,fail,No seal
4835,P2,fail,No seal
4836,P2,fail,No seal
4837,P2,pass,No seal
4840,P2,fail,No seal
4851,P6,fail,No seal
4859,P1,fail,No seal
4860,P1,fail,No seal
4861,P1,fail,No seal
4862,P1,fail,No seal
4863,P1,fail,No seal
4865,P1,fail,No seal
4866,P1,fail,No seal
4867,P1,fail,No seal
4871,P2,pass,No seal
4873,P2,pass,No seal
4874,P2,fail,No seal
4878,P2,fail,No seal
4885,P6,fail,No seal
4889,P6,fail,No seal
4890,P6,fail,No seal
4891,P6,fail,No seal
4892,P6,pass,No seal
4900,P1,fail,No seal
4940,P2,fail,No seal
4951,P6,fail,No seal
5016,P1,pass,No seal
5017,P1,pass,No seal
5018,P1,fail,No seal
5019,P1,pass,No seal
5020,P1,pass,No seal
5023,P1,pass,No seal
5028,P2,pass,No seal
5029,P2,pass,No seal
5030,P2,pass,No seal
5031,P2,pass,No seal
5032,P2,pass,No seal
5033,P2,pass,No seal
5034,P2,fail,No seal
5042,P1,pass,No seal
5044,P1,fail,No seal
5046,P1,pass,No seal
5048,P1,fail,No seal
5049,P1,fail,No seal
5050,P1,pass,No seal
5054,P2,pass,No seal
5055,P2,pass,No seal
5056,P2,pass,No seal
5057,P2,pass,No seal
5059,P2,pass,No seal
5060,P2,pass,No seal
5061,P2,fail,No seal
5062,P2,fail,No seal
5070,P1,pass,No seal
5071,P1,pass,No seal
5072,P1,fail,No seal
5074,P1,fail,No seal
5075,P1,fail,No seal
5076,P1,fail,No seal
5077,P1,fail,No seal
5078,P1,fail,No seal
5079,P1,fail,No seal
5082,P2,pass,No seal
5083,P2,pass,No seal
5086,P2,pass,No seal
5087,P2,pass,No seal
5090,P2,pass,No seal
5091,P2,fail,No seal
5115,P2,pass,No seal
5119,P2,pass,No seal
5127,P1,fail,No seal
5132,P1,pass,No seal
5141,P2,pass,No seal
5147,P2,fail,No seal
5160,P1,fail,No seal
5165,P2,pass,No seal
5168,P2,fail,No seal
5170,P2,pass,No seal
5180,P1,pass,No seal
5187,P2,pass,No seal
5191,P2,pass,No seal
5197,P6,pass,No seal
5201,P6,pass,No seal
5214,P1,fail,No seal
5216,P1,fail,No seal
5217,P1,fail,No seal
5218,P1,pass,No seal
5227,P2,pass,No seal
5249,P1,fail,No seal
5255,P1,pass,No seal
5256,P1,fail,No seal
5264,P2,pass,No seal
5283,P1,fail,No seal
5285,P1,fail,No seal
5286,P1,fail,No seal
5292,P1,fail,No seal
5300,P2,pass,No seal
5301,P2,pass,No seal
5303,P2,pass,No seal
5316,P1,fail,No seal
5317,P1,fail,No seal
5321,P1,fail,No seal
5322,P1,fail,No seal
5323,P1,fail,No seal
5324,P1,fail,No seal
5327,P2,pass,No seal
5346,P1,pass,No seal
5348,P1,fail,No seal
5349,P1,pass,No seal
5350,P1,fail,No seal
5354,P1,pass,No seal
5357,P2,pass,No seal
5359,P2,pass,No seal
5362,P2,pass,No seal
5379,P1,fail,No seal
5380,P1,fail,No seal
5383,P1,fail,No seal
5396,P2,pass,No seal
5405,P1,pass,No seal
5406,P1,fail,No seal
5407,P1,fail,No seal
5408,P1,pass,No seal
5409,P1,fail,No seal
5410,P1,fail,No seal
5419,P2,fail,No seal
5424,P2,pass,No seal
5433,P1,fail,No seal
5434,P1,fail,No seal
5436,P1,fail,No seal
5437,P1,pass,No seal
5438,P1,pass,No seal
5440,P1,pass,No seal
5448,P2,fail,No seal
5450,P2,pass,No seal
5451,P2,pass,No seal
5516,P1,fail,No seal
5517,P1,fail,No seal
5521,P2,fail,No seal
5522,P2,pass,No seal
5529,P2,pass,No seal
5536,P6,fail,No seal
5551,P1,pass,No seal
5556,P2,pass,No seal
5557,P2,pass,No seal
5559,P2,pass,No seal
5560,P2,pass,No seal
5561,P2,fail,No seal
5562,P2,pass,No seal
5571,P1,pass,No seal
5585,P1,fail,No seal
5589,P1,pass,No seal
5591,P1,pass,No seal
5592,P1,fail,No seal
5593,P1,pass,No seal
5594,P1,pass,No seal
5597,P2,pass,No seal
5598,P2,pass,No seal
5599,P2,pass,No seal
5600,P2,pass,No seal
5604,P2,pass,No seal
5634,P1,pass,No seal
5635,P1,pass,No seal
5638,P2,pass,No seal
5639,P2,pass,No seal
5640,P2,pass,No seal
5641,P2,pass,No seal
5666,P2,pass,No seal
5670,P2,fail,No seal
5672,P2,pass,No seal
5673,P2,pass,No seal
5683,P1,pass,No seal
5684,P1,pass,No seal
5691,P2,pass,No seal
5692,P2,pass,No seal
5694,P2,pass,No seal
5701,P1,fail,No seal
5710,P2,fail,No seal
5713,P2,fail,No seal
5715,P2,pass,No seal
5717,P2,fail,No seal
5733,P1,pass,No seal
5734,P1,pass,No seal
5735,P1,fail,No seal
5736,P1,fail,No seal
5743,P2,pass,No seal
5746,P2,pass,No seal
5756,P1,fail,No seal
5758,P1,fail,No seal
5759,P1,pass,No seal
5764,P2,pass,No seal
5772,P2,pass,No seal
5784,P1,fail,No seal
5794,P1,fail,No seal
5805,P6,pass,No seal
5813,P1,pass,No seal
5817,P1,pass,No seal
5818,P1,pass,No seal
5819,P1,pass,No seal
5827,P2,fail,No seal
5833,P8,pass,No seal
5840,P1,pass,No seal
5841,P1,pass,No seal
5845,P1,pass,No seal
5846,P1,pass,No seal
5849,P1,pass,No seal
5853,P2,pass,No seal
5856,P8,pass,No seal
5857,P8,pass,No seal
5865,P1,fail,No seal
5871,P1,pass,No seal
5872,P1,pass,No seal
5874,P1,pass,No seal
5875,P1,pass,No seal
5877,P1,pass,No seal
5880,P8,pass,No seal
5885,P1,pass,No seal
5888,P1,pass,No seal
5891,P1,pass,No seal
5892,P1,pass,No seal
5895,P2,pass,No seal
5897,P8,pass,No seal
5899,P8,pass,No seal
5912,P1,pass,No seal
5913,P1,fail,No seal
5920,P8,pass,No seal
5922,P8,fail,No seal
5938,P1,pass,No seal
5940,P1,fail,No seal
5941,P1,pass,No seal
5948,P8,fail,No seal
5949,P8,fail,No seal
5950,P8,pass,No seal
5955,P2,pass,No seal
5965,P1,fail,No seal
5966,P1,pass,No seal
5975,P8,fail,No seal
5976,P8,pass,No seal
5979,P8,fail,No seal
5981,P8,pass,No seal
5985,P2,pass,No seal
5990,P2,pass,No seal
6003,P1,fail,No seal
6005,P1,pass,No seal
6008,P1,fail,No seal
6019,P8,fail,No seal
6022,P2,pass,No seal
6023,P2,pass,No seal
6042,P1,pass,No seal
6048,P8,pass,No seal
6049,P8,pass,No seal
6050,P8,pass,No seal
6053,P8,pass,No seal
6066,P1,pass,No seal
6075,P8,pass,No seal
6079,P8,pass,No seal
6086,P2,pass,No seal
6092,P2,pass,No seal
6101,P1,pass,No seal
6103,P1,pass,No seal
6105,P1,pass,No seal
6114,P2,pass,No seal
6118,P8,pass,No seal
6136,P1,pass,No seal
6138,P1,pass,No seal
6143,P2,pass,No seal
6151,P8,pass,No seal
6152,P8,pass,No seal
6162,P2,pass,No seal
6163,P2,pass,No seal
6164,P2,fail,No seal
6165,P2,pass,No seal
6182,P1,smarter_fail,No seal
6186,P1,smarter_fail,No seal
6187,P1,smarter_fail,No seal
6191,P2,smarter_fail,No seal
6194,P2,smarter_fail,No seal
6204,P8,smarter_fail,No seal
6206,P8,smarter_fail,No seal
6216,P1,smarter_fail,No seal
6217,P1,smarter_fail,No seal
6220,P1,fail,No seal
6225,P1,fail,No seal
6226,P1,fail,No seal
6229,P2,pass,No seal
6230,P2,pass,No seal
6231,P2,pass,No seal
6237,P2,pass,No seal
6244,P8,pass,No seal
6245,P8,pass,No seal
6247,P8,pass,No seal
6248,P8,pass,No seal
6253,P8,fail,No seal
6261,P1,fail,No seal
6264,P1,fail,No seal
6266,P1,fail,No seal
6267,P1,fail,No seal
6275,P2,fail,No seal
6284,P8,pass,No seal
6285,P8,pass,No seal
6295,P1,fail,No seal
6298,P1,pass,No seal
6299,P1,pass,No seal
6300,P1,pass,No seal
6306,P2,fail,No seal
6315,P8,fail,No seal
6316,P8,pass,No seal
6318,P8,pass,No seal
6329,P1,pass,No seal
6330,P1,pass,No seal
6331,P1,fail,No seal
6334,P1,pass,No seal
6337,P1,fail,No seal
6352,P8,pass,No seal
6353,P8,fail,No seal
6358,P8,fail,No seal
6366,P1,fail,No seal
6367,P1,pass,No seal
6373,P1,pass,No seal
6374,P1,fail,No seal
6380,P8,pass,No seal
6382,P8,pass,No seal
6384,P8,pass,No seal
6393,P1,pass,No seal
6396,P1,fail,No seal
6397,P1,pass,No seal
6398,P1,fail,No seal
6405,P8,pass,No seal
6406,P8,pass,No seal
6414,P1,fail,No seal
6417,P1,fail,No seal
6420,P2,fail,No seal
6438,P1,fail,No seal
6441,P1,fail,No seal
6442,P1,fail,No seal
6464,P1,pass,No seal
6468,P1,fail,No seal
6471,P1,pass,No seal
6475,P2,pass,No seal
6477,P2,pass,No seal
6489,P1,pass,No seal
6495,P1,pass,No seal
6533,P1,fail,No seal
6534,P1,fail,No seal
6537,P2,pass,No seal
6541,P2,pass,No seal
6557,P1,fail,No seal
6559,P1,pass,No seal
6560,P1,fail,No seal
6563,P1,fail,No seal
6565,P1,fail,No seal
6569,P2,fail,No seal
6571,P2,pass,No seal
6573,P2,fail,No seal
6579,P8,fail,No seal
6580,P8,fail,No seal
6593,P1,pass,No seal
6594,P1,fail,No seal
6595,P1,fail,No seal
6601,P2,pass,No seal
6602,P2,fail,No seal
6609,P8,pass,No seal
6618,P1,fail,No seal
6620,P1,fail,No seal
6622,P1,fail,No seal
6623,P1,fail,No seal
6624,P1,fail,No seal
6626,P1,fail,No seal
6633,P2,pass,No seal
6635,P2,pass,No seal
6651,P1,fail,No seal
6655,P1,pass,No seal
6656,P1,pass,No seal
6658,P1,pass,No seal
6664,P2,pass,No seal
6672,P8,pass,No seal
6689,P1,fail,No seal
6690,P1,fail,No seal
6692,P1,pass,No seal
6694,P1,pass,No seal
6703,P8,fail,No seal
6712,P1,fail,No seal
6715,P1,pass,No seal
6717,P1,fail,No seal
6718,P1,fail,No seal
6726,P2,pass,No seal
6727,P2,pass,No seal
6730,P2,pass,No seal
6734,P8,fail,No seal
6736,P8,fail,No seal
6737,P8,pass,No seal
6739,P8,pass,No seal
6764,P8,pass,No seal
6812,P8,pass,No seal
6830,P8,pass,No seal
6832,P8,pass,No seal
6847,P8,pass,No seal
6858,P1,pass,No seal
6859,P1,pass,No seal
6867,P2,pass,No seal
6868,P2,pass,No seal
6869,P2,pass,No seal
6875,P8,pass,No seal
6878,P8,pass,No seal
6896,P1,fail,No seal
6908,P2,pass,No seal
6927,P6,pass,No seal
6941,P1,pass,No seal
6942,P1,pass,No seal
6953,P2,pass,No seal
6962,P8,pass,No seal
6978,P1,fail,No seal
6994,P1,pass,No seal
7003,P8,pass,No seal
7005,P8,pass,No seal
7024,P8,fail,No seal
7025,P8,fail,No seal
7037,P8,pass,No seal
7038,P8,pass,No seal
7040,P8,pass,No seal
7041,P8,pass,No seal
7047,P8,pass,No seal
7054,P2,pass,No seal
7057,P2,pass,No seal
7074,P8,pass,No seal
7078,P8,pass,No seal
7086,P8,pass,No seal
7099,P8,pass,No seal
7101,P8,pass,No seal
7114,P8,pass,No seal
7115,P8,pass,No seal
7117,P8,pass,No seal
7132,P8,pass,No seal
7134,P8,pass,No seal
7135,P8,pass,No seal
7136,P8,pass,No seal
7151,P2,pass,No seal
7153,P2,pass,No seal
7157,P8,fail,No seal
7160,P8,pass,No seal
7163,P8,pass,No seal
7164,P8,fail,No seal
7165,P8,fail,No seal
7171,P8,pass,No seal
7174,P2,pass,No seal
7178,P8,fail,No seal
7180,P8,pass,No seal
7203,P8,fail,No seal
7210,P2,pass,No seal
7237,P2,pass,No seal
7241,P2,pass,No seal
7242,P8,fail,No seal
7255,P2,fail,No seal
7259,P2,fail,No seal
7267,P9,fail,No seal
7268,P9,fail,No seal
7278,P8,fail,No seal
7279,P8,fail,No seal
7287,P9,fail,No seal
7290,P9,fail,No seal
7291,P9,fail,No seal
7292,P9,fail,No seal
7295,P9,fail,No seal
7296,P9,fail,No seal
7297,P9,fail,No seal
7302,P8,fail,No seal
7304,P8,fail,No seal
7312,P2,pass,No seal
7313,P8,fail,No seal
7320,P8,pass,No seal
7321,P9,fail,No seal
7327,P8,pass,No seal
7330,P9,fail,No seal
7337,P2,fail,No seal
7338,P2,fail,No seal
7340,P2,pass,No seal
7346,P8,fail,No seal
7353,P2,fail,No seal
7356,P2,fail,No seal
7359,P8,pass,No seal
7363,P8,fail,No seal
7368,P9,fail,No seal
7369,P9,fail,No seal
7370,PA,pass,No seal
7384,P8,fail,No seal
7386,P8,fail,No seal
7387,P8,pass,No seal
7388,P8,fail,No seal
7395,P9,pass,No seal
7397,P9,fail,No seal
7398,P9,pass,No seal
7399,P9,fail,No seal
7401,P9,fail,No seal
7406,PB,pass,No seal
7412,P2,fail,No seal
7413,P2,fail,No seal
7414,P2,fail,No seal
7416,P2,pass,No seal
7422,P8,fail,No seal
7423,P8,pass,No seal
7428,P9,fail,No seal
7434,P9,fail,No seal
7437,P9,fail,No seal
7442,PB,fail,No seal
7449,P2,pass,No seal
7454,P9,pass,No seal
7457,PA,pass,No seal
7462,PB,pass,No seal
7463,PB,fail,No seal
7464,PB,pass,No seal
7468,P8,fail,No seal
7471,P8,pass,No seal
7476,PA,fail,No seal
7479,PB,fail,No seal
7480,PB,pass,No seal
7481,PB,pass,No seal
7486,P2,fail,No seal
7487,P2,pass,No seal
7488,P2,pass,No seal
7490,P2,pass,No seal
7497,P8,pass,No seal
7499,PA,pass,No seal
7506,PB,pass,No seal
7507,PB,pass,No seal
7512,P2,pass,No seal
7513,P8,fail,No seal
7514,P8,fail,No seal
7516,P8,fail,No seal
7518,P8,fail,No seal
7520,PA,pass,No seal
7522,PB,pass,No seal
7523,PB,pass,No seal
7527,P2,fail,No seal
7529,P8,fail,No seal
7531,P8,pass,No seal
7533,P8,fail,No seal
7535,PA,pass,No seal
7536,PB,fail,No seal
7539,P2,fail,No seal
7542,PB,pass,No seal
7543,PA,pass,No seal
7549,PB,pass,No seal
7558,P8,pass,No seal
7562,P9,fail,No seal
7563,P9,fail,No seal
7565,P9,pass,No seal
7567,P9,fail,No seal
7570,PA,fail,No seal
7578,P2,fail,No seal
7579,P2,pass,No seal
7581,P8,fail,No seal
7583,P8,pass,No seal
7585,P2,fail,No seal
7589,P2,fail,No seal
7590,P2,pass,No seal
7591,P2,fail,No seal
7594,P8,pass,No seal
3374,P6,fail,Entire Cell
3468,P6,fail,Entire Cell
3495,P6,fail,Entire Cell
3734,P6,fail,Entire Cell
3761,P6,pass,Entire Cell
4212,P6,fail,Entire Cell
4848,P6,fail,Entire Cell
4893,P6,pass,Entire Cell
4923,P6,fail,Entire Cell
5088,P2,pass,Entire Cell
5242,P6,pass,Entire Cell
5269,P2,fail,Entire Cell
5369,P6,pass,Entire Cell
5532,P6,pass,Entire Cell
5623,P6,fail,Entire Cell
5687,P1,pass,Entire Cell
5847,P1,pass,Entire Cell
6814,P8,pass,Entire Cell
6963,P8,pass,Entire Cell
7076,P8,pass,Entire Cell
7094,P8,pass,Entire Cell
7272,PA,pass,Entire Cell
7308,PB,pass,Entire Cell
7410,P2,fail,Entire Cell
7447,P2,pass,Entire Cell
7455,P9,pass,Entire Cell
7587,P2,fail,Entire Cell
7588,P2,pass,Entire Cell
